classified.price,classified.zip,classified.kitchen.type,classified.building.constructionYear,classified.building.condition,classified.certificates.primaryEnergyConsumptionLevel,classified.bedroom.count,classified.land.surface,classified.atticExists,classified.basementExists,classified.outdoor.garden.surface,classified.outdoor.terrace.exists,classified.specificities.SME.office.exists,classified.wellnessEquipment.hasSwimmingPool,classified.parking.parkingSpaceCount.indoor,classified.parking.parkingSpaceCount.outdoor,carbon,electric,fueloil,gas,pellet,wood
400000.0,9300,3.0,1964.0,3.0,755.0,4,200.0,0,0,0.0,1,0,0,0,0,0,0,0,1,0,0
349000.0,1070,3.0,1925.0,7.0,311.0,1,0.0,0,0,0.0,0,0,0,0,0,0,0,0,1,0,0
450000.0,1070,4.0,1930.0,5.0,275.0,5,100.0,0,0,45.0,1,0,0,0,0,0,0,0,1,0,0
579000.0,1070,2.0,1899.0,5.0,288.0,1,90.0,0,0,0.0,0,0,0,0,0,0,0,0,1,0,0
529000.0,1070,2.0,1970.0,5.0,424.0,5,131.0,0,1,40.0,1,1,0,1,1,0,0,0,1,0,0
510000.0,1070,1.0,1887.0,1.0,437.0,6,110.0,0,1,0.0,0,0,0,1,2,0,0,0,1,0,0
390000.0,1070,2.0,1918.0,5.0,265.0,3,85.0,0,1,0.0,1,0,0,0,0,0,0,0,1,0,0
549000.0,1070,2.0,1962.0,5.0,508.0,4,0.0,0,0,0.0,1,0,0,1,0,0,0,0,1,0,0
645000.0,2060,2.0,1950.0,5.0,250.0,3,65.0,0,1,0.0,0,0,0,0,0,0,0,0,1,0,0
635000.0,1160,1.0,1923.0,1.0,461.0,5,0.0,1,1,20.0,0,1,0,0,0,0,0,0,1,0,0
625000.0,5377,2.0,1937.0,5.0,530.0,9,2040.0,1,1,2688.0,1,0,0,2,15,0,0,1,0,0,0
475000.0,6600,2.0,1947.0,5.0,237.0,8,0.0,0,1,0.0,0,0,0,0,0,0,0,1,0,0,0
720000.0,1082,4.0,1910.0,1.0,168.0,10,110.0,0,1,30.0,0,0,0,0,0,0,0,0,1,0,0
385000.0,1082,2.0,1930.0,1.0,329.0,4,96.0,0,0,0.0,1,0,0,0,0,0,0,0,1,0,0
800000.0,1420,4.0,1980.0,5.0,245.0,2,1200.0,0,0,0.0,1,0,0,0,20,0,0,0,1,0,0
675000.0,8000,4.0,2022.0,6.0,138.0,3,126.0,0,0,0.0,0,0,0,0,0,0,0,0,1,0,0
685000.0,8000,2.0,2006.0,5.0,167.0,4,434.0,0,0,0.0,1,0,0,1,3,0,0,0,1,0,0
730000.0,1000,2.0,1984.0,5.0,380.0,10,102.0,0,0,0.0,0,0,0,0,0,0,0,0,1,0,0
495000.0,1000,4.0,1958.0,1.0,256.0,5,120.0,0,1,40.0,1,1,0,0,0,0,0,0,1,0,0
1350000.0,1000,2.0,1900.0,7.0,262.0,4,76.0,0,1,0.0,1,0,0,0,0,0,0,0,1,0,0
799000.0,1000,2.0,1920.0,5.0,426.0,5,0.0,0,0,0.0,1,0,0,0,0,0,0,0,1,0,0
1090000.0,1000,4.0,1874.0,5.0,631.0,4,218.0,0,1,76.0,0,1,0,0,0,0,0,0,1,0,0
1950000.0,1000,2.0,1981.0,7.0,290.0,5,600.0,0,0,0.0,0,0,0,3,0,0,0,1,0,0,0
2685000.0,1000,2.0,2015.0,7.0,150.0,10,400.0,0,0,0.0,1,1,0,5,0,0,0,0,1,0,0
1180000.0,1000,2.0,1905.0,5.0,274.0,7,120.0,0,1,0.0,1,0,0,0,0,0,0,0,1,0,0
3200000.0,1000,3.0,1900.0,3.0,483.0,0,0.0,0,1,120.0,1,0,0,0,0,0,0,1,0,0,0
1595000.0,1000,4.0,1930.0,5.0,210.0,6,192.0,0,1,0.0,0,0,0,0,0,0,0,0,1,0,0
1295000.0,1000,4.0,1910.0,5.0,184.0,7,185.0,1,1,112.0,1,0,0,1,0,0,0,0,1,0,0
495000.0,1000,3.0,1850.0,3.0,464.0,4,147.0,0,1,0.0,0,0,0,0,0,0,0,0,1,0,0
669000.0,1020,3.0,1930.0,3.0,448.0,0,223.0,0,0,0.0,0,0,0,0,0,0,0,1,0,0,0
649000.0,1020,4.0,1911.0,3.0,358.0,4,170.0,0,1,70.0,1,0,0,0,0,0,0,0,1,0,0
134900.0,6041,2.0,1899.0,5.0,617.0,4,60.0,1,1,0.0,0,0,0,0,0,0,0,0,1,0,0
710000.0,4052,2.0,1966.0,5.0,327.0,5,1900.0,0,0,1700.0,1,0,0,2,6,0,0,1,0,0,0
1225000.0,6180,2.0,1995.0,5.0,275.0,14,1163.0,1,1,600.0,1,0,0,3,10,0,1,0,0,0,0
475000.0,1700,2.0,1957.0,5.0,288.0,4,572.0,0,1,0.0,1,0,0,1,2,0,0,0,1,0,0
3699000.0,4820,2.0,2010.0,5.0,201.0,94,3699.0,0,1,778.0,1,1,0,34,1,0,0,0,1,0,0
1250000.0,7370,2.0,2018.0,7.0,96.0,10,1500.0,0,1,0.0,0,0,0,15,7,0,0,0,1,0,0
975000.0,7370,2.0,2018.0,7.0,96.0,10,1500.0,0,1,0.0,0,0,0,15,7,0,0,0,1,0,0
800000.0,5101,4.0,1981.0,5.0,243.0,3,1721.0,1,1,150.0,1,0,0,1,10,0,0,0,1,0,0
1090000.0,1040,4.0,1874.0,5.0,631.0,4,218.0,0,1,76.0,0,1,0,0,0,0,0,0,1,0,0
845000.0,1040,2.0,1930.0,3.0,378.0,7,135.0,0,1,52.0,1,0,0,0,0,0,0,0,1,0,0
1275000.0,3078,4.0,2000.0,7.0,222.0,6,2286.0,0,1,1670.0,1,0,0,0,6,0,0,0,1,0,0
600000.0,1140,4.0,1950.0,5.0,156.0,4,154.0,0,0,47.0,1,0,0,0,0,0,0,0,1,0,0
475000.0,1140,2.0,1910.0,7.0,178.0,3,224.0,1,0,172.0,1,1,0,0,0,0,0,0,1,0,0
645000.0,1190,2.0,1870.0,5.0,634.0,4,188.0,0,1,0.0,1,0,0,0,0,0,0,0,1,0,0
560000.0,1083,2.0,1936.0,5.0,514.0,4,165.0,0,1,70.0,1,1,0,0,0,0,0,0,1,0,0
750000.0,5030,3.0,1994.0,5.0,1400.0,10,587.0,0,0,0.0,0,0,0,24,0,0,0,0,1,0,0
795000.0,9000,2.0,2017.0,6.0,113.0,6,59.0,0,1,0.0,0,0,0,0,0,0,0,0,1,0,0
200000.0,4460,2.0,1910.0,3.0,364.0,3,173.0,0,1,0.0,1,0,0,0,2,0,0,0,1,0,0
1455000.0,3500,4.0,1975.0,6.0,299.0,11,531.0,0,0,0.0,1,0,0,0,2,0,1,0,0,0,0
380000.0,4500,3.0,1961.0,5.0,110.0,5,0.0,1,1,0.0,1,0,0,0,0,0,0,0,1,0,0
140000.0,4500,1.0,1849.0,1.0,271.0,8,260.0,0,1,200.0,1,0,0,0,0,0,0,0,1,0,0
279000.0,4500,3.0,1939.0,5.0,500.0,6,340.0,0,1,250.0,1,0,0,0,0,0,0,0,1,0,0
1499000.0,1050,3.0,1920.0,1.0,357.0,10,134.0,0,1,0.0,0,0,0,0,0,0,0,0,1,0,0
3200000.0,1050,2.0,1900.0,5.0,434.0,1,490.0,1,1,0.0,1,1,0,0,0,0,0,1,0,0,0
3050000.0,1050,4.0,1930.0,6.0,129.0,12,280.0,0,1,180.0,1,1,0,0,0,0,0,0,1,0,0
1150000.0,1050,2.0,1896.0,5.0,385.0,6,154.0,0,1,60.0,1,0,0,0,0,0,0,0,1,0,0
1085000.0,1050,3.0,1900.0,5.0,180.0,5,192.0,0,0,86.0,1,0,0,0,0,0,0,0,1,0,0
1075000.0,1050,1.0,1955.0,3.0,785.0,6,105.0,0,0,0.0,1,0,0,0,0,0,0,1,0,0,0
599000.0,1090,1.0,1958.0,3.0,474.0,4,355.0,0,1,60.0,1,1,0,6,6,0,0,0,1,0,0
409000.0,1081,2.0,1930.0,1.0,438.0,4,210.0,0,0,125.0,1,1,0,0,0,0,0,0,1,0,0
365000.0,7100,3.0,1947.0,5.0,431.0,5,403.0,1,1,0.0,1,1,0,3,8,0,0,0,1,0,0
865000.0,1020,3.0,1963.0,5.0,217.0,8,92.0,0,1,0.0,0,0,0,0,0,0,0,0,1,0,0
450000.0,9280,3.0,1978.0,5.0,836.0,5,817.0,0,0,0.0,1,0,0,6,4,0,1,0,0,0,0
279000.0,4000,2.0,1930.0,5.0,378.0,5,283.0,0,1,117.0,0,1,0,0,0,0,0,0,1,0,0
299000.0,4020,2.0,1850.0,5.0,256.0,6,83.0,0,0,0.0,0,0,0,0,0,0,0,0,1,0,0
129000.0,4020,3.0,1900.0,1.0,241.0,5,100.0,1,1,0.0,0,0,0,0,0,0,0,0,1,0,0
528000.0,3210,2.0,2007.0,5.0,184.0,3,72.0,1,0,0.0,1,0,0,0,0,0,0,0,1,0,0
140000.0,6001,3.0,1930.0,5.0,583.0,2,308.0,1,1,100.0,0,0,0,0,0,0,0,0,1,0,0
223000.0,2800,3.0,1860.0,1.0,859.0,2,60.0,0,1,0.0,0,0,0,0,0,0,1,0,0,0,0
289900.0,6211,2.0,1818.0,1.0,451.0,7,500.0,1,1,95.0,1,1,0,2,6,0,0,1,0,0,0
1149000.0,9420,2.0,1875.0,7.0,237.0,3,2040.0,0,1,0.0,1,0,0,0,10,0,0,0,1,0,0
419000.0,2170,1.0,1941.0,1.0,892.0,5,334.0,0,1,170.0,1,0,0,1,1,0,0,0,1,0,0
495000.0,1080,4.0,1958.0,1.0,256.0,5,120.0,0,1,40.0,1,1,0,0,0,0,0,0,1,0,0
572000.0,1080,1.0,1930.0,1.0,655.0,4,130.0,1,1,0.0,0,0,0,0,0,0,0,0,1,0,0
375000.0,7000,3.0,1850.0,5.0,358.0,5,183.0,1,1,0.0,1,1,0,0,0,0,0,0,1,0,0
625000.0,1340,2.0,1936.0,3.0,201.0,4,240.0,0,1,0.0,0,0,0,0,0,0,0,0,1,0,0
497000.0,9700,4.0,1990.0,6.0,108.0,4,338.0,0,0,185.0,0,0,0,0,0,0,0,0,1,0,0
174000.0,4102,3.0,1956.0,3.0,271.0,4,252.0,0,1,0.0,1,0,0,1,0,0,0,0,1,0,0
439000.0,2870,2.0,1984.0,5.0,141.0,4,370.0,0,0,240.0,1,0,0,0,2,0,0,0,1,0,0
430000.0,4610,2.0,2016.0,5.0,117.0,4,0.0,0,0,115.0,1,0,0,0,3,0,0,0,1,0,0
2400000.0,7380,2.0,2003.0,7.0,196.0,0,0.0,0,1,0.0,1,0,0,0,0,0,1,0,0,0,0
649000.0,1640,2.0,1974.0,5.0,355.0,7,805.0,0,1,0.0,0,0,0,9,0,0,0,0,1,0,0
950000.0,1060,1.0,1910.0,1.0,346.0,11,130.0,0,0,0.0,0,1,0,0,0,0,0,0,1,0,0
2200000.0,1060,1.0,1870.0,1.0,334.0,15,408.0,0,1,111.0,0,0,0,0,0,0,0,0,1,0,0
725000.0,1060,3.0,1910.0,5.0,272.0,4,0.0,0,1,0.0,1,0,0,0,0,0,0,0,1,0,0
645000.0,1060,3.0,1907.0,5.0,380.0,4,96.0,1,1,0.0,1,0,0,0,0,0,0,0,1,0,0
795000.0,1030,2.0,1900.0,5.0,260.0,0,160.0,0,0,0.0,0,0,0,2,1,0,0,0,1,0,0
599000.0,1030,4.0,1900.0,5.0,976.0,6,172.0,1,1,73.0,1,1,0,0,0,0,1,0,0,0,0
850000.0,1030,1.0,1908.0,1.0,999.0,7,160.0,0,1,30.0,1,0,0,0,0,0,0,0,1,0,0
1095000.0,1030,1.0,1920.0,1.0,843.0,7,170.0,0,0,80.0,1,0,0,0,0,0,0,0,1,0,0
1250000.0,1030,3.0,1850.0,5.0,406.0,17,393.0,0,1,0.0,1,0,0,0,3,0,0,0,1,0,0
610000.0,1030,1.0,1910.0,3.0,248.0,8,140.0,0,0,35.0,1,0,0,0,0,0,0,0,1,0,0
799000.0,1030,2.0,1909.0,5.0,302.0,6,120.0,0,1,0.0,1,0,0,0,0,0,0,0,1,0,0
975000.0,1030,2.0,1950.0,5.0,186.0,7,268.0,1,1,0.0,1,1,0,1,0,0,0,0,1,0,0
560000.0,1030,2.0,1931.0,3.0,457.0,5,0.0,1,1,32.0,1,1,0,0,0,0,0,0,1,0,0
179000.0,4100,1.0,1939.0,3.0,153.0,5,253.0,0,1,160.0,1,1,0,0,0,0,0,0,1,0,0
1169000.0,1080,4.0,1918.0,7.0,264.0,8,195.0,0,0,95.0,1,0,0,0,0,0,0,0,1,0,0
1050000.0,1200,2.0,1908.0,5.0,255.0,5,170.0,0,1,53.0,0,0,0,0,2,0,0,0,1,0,0
285000.0,7500,3.0,1900.0,5.0,482.0,5,165.0,0,1,0.0,0,0,0,0,0,0,0,0,1,0,0
1380000.0,1180,4.0,2021.0,7.0,56.0,6,0.0,0,0,122.0,1,0,0,2,2,0,0,0,1,0,0
2800000.0,2830,2.0,1972.0,5.0,127.0,36,389.0,0,1,0.0,1,0,0,1,1,0,0,0,1,0,0
715000.0,1200,2.0,1920.0,1.0,728.0,7,175.0,0,0,100.0,1,0,0,0,0,0,1,0,0,0,0
1195000.0,1200,2.0,1932.0,5.0,305.0,5,268.0,1,1,0.0,0,1,0,2,0,0,0,0,1,0,0
1220000.0,1200,1.0,1962.0,1.0,665.0,6,140.0,0,1,0.0,0,0,0,0,0,0,0,0,1,0,0
755000.0,1200,1.0,1962.0,1.0,665.0,4,140.0,0,1,0.0,0,0,0,0,0,0,0,0,1,0,0
465000.0,1200,1.0,1962.0,1.0,588.0,2,140.0,0,1,0.0,0,0,0,0,0,0,0,0,1,0,0
1950000.0,1150,2.0,1981.0,7.0,290.0,5,600.0,0,1,0.0,0,1,0,3,0,0,0,1,0,0,0
2685000.0,1150,2.0,2015.0,7.0,150.0,10,400.0,0,0,0.0,1,1,0,5,0,0,0,0,1,0,0
695000.0,1150,1.0,1929.0,5.0,485.0,4,115.0,0,1,0.0,1,0,0,0,0,0,0,0,1,0,0
2800000.0,1150,2.0,1986.0,5.0,140.0,11,1900.0,0,1,0.0,0,0,0,4,0,0,0,0,1,0,0
2800000.0,1150,4.0,1986.0,5.0,150.0,10,1988.0,0,1,1500.0,1,0,0,3,4,0,0,0,1,0,0
450000.0,8210,3.0,1957.0,7.0,610.0,6,484.0,0,1,0.0,1,1,0,4,4,0,1,0,0,0,0
379000.0,9300,4.0,1991.0,7.0,288.0,2,496.0,1,0,50.0,1,0,0,1,3,0,0,1,0,0,0
385000.0,9308,4.0,1969.0,3.0,565.0,2,719.0,0,0,0.0,1,0,1,2,4,0,0,1,0,0,0
495000.0,1790,4.0,1989.0,5.0,249.0,5,1184.0,0,0,1000.0,1,0,0,1,5,0,0,1,0,0,0
495000.0,9800,2.0,1967.0,5.0,296.0,4,837.0,0,0,493.0,0,0,0,2,2,0,0,0,1,0,0
250000.0,3130,2.0,1965.0,1.0,536.0,2,918.0,0,1,0.0,0,1,0,0,0,0,0,1,0,0,0
329000.0,9552,2.0,1973.0,5.0,781.0,2,862.0,1,1,0.0,1,0,0,1,5,0,0,1,0,0,0
405000.0,3370,4.0,1986.0,5.0,234.0,3,0.0,1,0,0.0,1,0,0,1,2,0,0,0,1,0,0
799000.0,1700,4.0,1966.0,6.0,341.0,5,5000.0,1,0,3000.0,1,0,0,2,4,0,0,1,0,0,0
445000.0,1332,3.0,1964.0,3.0,344.0,3,1014.0,0,0,0.0,1,1,0,1,3,0,0,0,1,0,0
599000.0,9070,2.0,1971.0,1.0,457.0,3,1373.0,1,1,1000.0,1,1,0,2,2,0,0,1,0,0,0
289000.0,5100,3.0,1970.0,5.0,547.0,2,763.0,0,0,0.0,0,0,0,1,3,0,0,1,0,0,0
229000.0,4540,3.0,1963.0,7.0,850.0,2,930.0,0,1,800.0,1,0,0,1,3,0,0,1,0,0,0
299000.0,8610,2.0,1980.0,5.0,363.0,3,992.0,0,0,0.0,0,0,0,1,0,0,0,0,1,0,0
585000.0,1840,4.0,1971.0,7.0,323.0,6,795.0,1,0,500.0,1,1,0,1,6,0,0,0,1,0,0
549000.0,9030,3.0,1977.0,1.0,225.0,3,840.0,0,0,0.0,0,0,0,2,1,0,0,0,1,0,0
115000.0,4550,2.0,1964.0,3.0,621.0,2,834.0,0,0,0.0,0,0,0,0,0,0,0,1,0,0,0
50000.0,4120,2.0,1973.0,5.0,565.0,2,927.0,0,0,0.0,1,0,0,1,2,0,0,1,0,0,0
349000.0,9406,2.0,1974.0,5.0,794.0,3,403.0,1,0,0.0,1,0,0,1,3,0,1,0,0,0,0
365000.0,3090,3.0,1973.0,1.0,374.0,2,467.0,0,0,150.0,0,1,0,1,2,0,0,0,1,0,0
259000.0,4577,2.0,1994.0,5.0,653.0,3,1195.0,0,1,1071.0,1,0,0,2,0,0,0,1,0,0,0
289000.0,4470,3.0,1994.0,7.0,411.0,2,1281.0,0,0,1172.0,1,0,0,1,0,0,0,1,0,0,0
219000.0,4470,1.0,1975.0,1.0,868.0,3,1650.0,0,1,950.0,1,0,0,2,4,0,1,0,0,0,0
395000.0,4420,4.0,1964.0,7.0,699.0,4,795.0,0,1,495.0,1,0,0,2,3,0,0,1,0,0,0
365000.0,8793,2.0,1970.0,5.0,441.0,3,752.0,0,1,0.0,1,0,0,1,5,0,0,1,0,0,0
395000.0,9170,3.0,1975.0,1.0,529.0,3,697.0,0,1,0.0,0,0,0,2,3,0,0,1,0,0,0
349000.0,4140,3.0,1980.0,7.0,199.0,3,1674.0,1,1,850.0,1,1,0,1,5,0,0,1,0,0,0
335000.0,1742,2.0,1965.0,1.0,319.0,3,1650.0,1,1,0.0,1,0,0,1,2,0,0,0,1,0,0
369000.0,3390,2.0,1978.0,5.0,490.0,3,1063.0,1,1,10300.0,0,0,0,1,1,0,0,1,0,0,0
170000.0,4317,1.0,1974.0,3.0,1413.0,2,725.0,0,1,387.0,0,0,0,1,0,0,1,0,0,0,0
260000.0,4300,2.0,1984.0,5.0,287.0,3,1016.0,1,0,871.0,1,1,0,0,4,0,0,1,0,0,0
390000.0,1300,3.0,1984.0,3.0,321.0,2,548.0,1,0,548.0,1,1,0,1,3,0,0,0,1,0,0
45000.0,8434,3.0,1989.0,5.0,740.0,2,159.0,0,0,70.0,1,0,1,0,1,0,1,0,0,0,0
165000.0,3018,2.0,1972.0,1.0,437.0,3,292.0,0,0,0.0,0,0,0,1,0,0,0,1,0,0,0
5500000.0,5520,4.0,1910.0,7.0,283.0,14,206200.0,0,1,203900.0,1,0,0,1,34,0,0,1,0,0,0
5500000.0,5520,2.0,1911.0,5.0,283.0,14,206263.0,1,1,0.0,1,1,0,1,20,0,0,1,0,0,0
9500000.0,3090,2.0,1909.0,7.0,402.0,12,500000.0,0,1,0.0,1,0,1,6,6,0,0,1,0,0,0
1275000.0,4850,2.0,1910.0,1.0,561.0,11,15000.0,1,1,0.0,1,1,1,3,10,0,0,1,0,0,0
130000.0,5377,3.0,2008.0,5.0,395.0,2,599.0,0,0,599.0,0,0,0,1,0,0,0,0,0,1,0
189000.0,4560,1.0,2005.0,5.0,1396.0,2,4800.0,0,1,1000.0,1,0,0,1,0,0,0,0,0,0,1
110000.0,6680,3.0,1979.0,3.0,1029.0,2,892.0,0,1,0.0,0,0,0,1,0,0,0,0,0,0,1
70000.0,4920,2.0,1995.0,5.0,540.0,2,234.0,0,0,0.0,0,0,0,0,1,0,1,0,0,0,0
495000.0,1450,3.0,1900.0,5.0,315.0,6,2847.0,0,1,0.0,1,1,0,1,5,0,0,0,1,0,0
280000.0,4317,4.0,1850.0,7.0,330.0,3,557.0,0,1,265.0,1,0,0,0,2,0,0,0,1,0,0
535000.0,7911,2.0,1910.0,5.0,194.0,3,750.0,0,1,0.0,1,0,0,1,0,0,0,1,0,0,0
495000.0,1755,2.0,1920.0,5.0,413.0,4,1070.0,1,1,600.0,1,1,0,0,3,0,0,1,0,0,0
60000.0,6534,2.0,1900.0,7.0,333.0,4,850.0,1,0,0.0,1,0,0,3,0,0,0,1,0,0,0
550000.0,1850,3.0,1930.0,5.0,280.0,4,2149.0,0,1,0.0,1,0,0,2,2,0,0,1,0,0,0
1049000.0,9550,4.0,1937.0,7.0,285.0,4,1589.0,0,0,0.0,1,0,0,0,0,0,0,0,1,0,0
1100000.0,9667,4.0,1775.0,5.0,540.0,4,15000.0,1,1,0.0,0,1,0,4,4,0,0,1,0,0,0
1750000.0,9750,4.0,1850.0,7.0,721.0,5,11307.0,0,0,0.0,1,0,0,0,0,0,0,1,0,0,0
1845000.0,2500,2.0,1975.0,6.0,303.0,4,18510.0,0,1,0.0,0,0,0,0,6,0,0,1,0,0,0
495000.0,2560,2.0,1998.0,5.0,220.0,4,727.0,0,0,570.0,1,0,0,0,0,0,0,0,1,0,0
439000.0,1601,2.0,1900.0,3.0,672.0,3,4312.0,1,0,0.0,0,1,0,0,0,0,0,0,1,0,0
549000.0,1600,3.0,1920.0,3.0,1432.0,3,961.0,1,1,0.0,1,0,0,1,0,0,0,1,0,0,0
750000.0,3800,2.0,1875.0,1.0,985.0,3,5958.0,0,0,0.0,0,0,0,0,0,0,0,0,0,1,0
410000.0,9940,2.0,1981.0,5.0,843.0,4,1583.0,0,0,0.0,0,0,0,3,5,0,0,0,0,0,1
295000.0,7060,2.0,1960.0,7.0,468.0,3,2335.0,1,1,2150.0,1,1,0,0,0,0,0,0,0,1,0
262000.0,7340,2.0,1988.0,5.0,669.0,3,962.0,0,0,0.0,0,0,0,1,2,0,1,0,0,0,0
635000.0,6780,4.0,1910.0,7.0,290.0,6,660.0,0,0,800.0,1,1,0,4,3,0,0,1,0,0,0
649000.0,9300,4.0,1982.0,5.0,392.0,4,370.0,0,0,0.0,1,0,0,2,4,0,1,0,0,0,0
749000.0,9300,4.0,1932.0,7.0,117.0,3,160.0,1,1,0.0,1,0,0,0,0,0,0,0,1,0,0
649000.0,9310,4.0,1982.0,5.0,392.0,4,370.0,0,0,0.0,1,0,0,2,4,0,1,0,0,0,0
850000.0,1790,4.0,1996.0,7.0,197.0,3,2550.0,1,0,2300.0,1,1,0,3,5,0,0,0,1,0,0
980000.0,1070,4.0,1922.0,3.0,690.0,7,1396.0,1,1,0.0,1,0,0,1,2,0,0,1,0,0,0
2300000.0,2000,4.0,1866.0,7.0,194.0,3,200.0,1,0,0.0,0,1,0,3,0,0,0,0,1,0,0
1300000.0,2000,2.0,1870.0,7.0,188.0,6,275.0,0,1,80.0,1,1,0,0,0,0,0,0,1,0,0
550000.0,2000,2.0,1870.0,7.0,188.0,6,275.0,0,1,80.0,1,1,0,0,0,0,0,0,1,0,0
339000.0,2060,2.0,2020.0,7.0,125.0,3,0.0,0,0,24.0,0,0,0,1,1,0,0,0,1,0,0
495000.0,2170,4.0,1930.0,7.0,158.0,3,207.0,1,1,0.0,1,1,0,0,0,0,0,0,1,0,0
449000.0,4690,4.0,2000.0,7.0,330.0,5,954.0,0,0,228.0,1,1,1,2,1,0,0,1,0,0,0
995000.0,3130,4.0,1806.0,5.0,181.0,4,14780.0,1,0,14000.0,1,1,0,2,0,0,0,1,0,0,0
695000.0,7972,4.0,1938.0,5.0,240.0,8,5026.0,1,1,500.0,1,1,0,2,8,0,0,1,0,0,0
600000.0,3360,2.0,1980.0,7.0,308.0,4,2227.0,0,0,1500.0,1,0,0,2,4,0,0,1,0,0,0
275000.0,3950,2.0,1962.0,5.0,492.0,4,530.0,0,0,0.0,0,0,0,1,0,0,0,1,0,0,0
1125000.0,1420,4.0,1991.0,7.0,215.0,6,1500.0,1,1,0.0,1,1,1,1,6,0,0,1,0,0,0
1095000.0,1420,4.0,1992.0,7.0,237.0,5,3240.0,0,1,0.0,1,1,0,5,10,0,0,1,0,0,0
2699000.0,8310,4.0,1820.0,5.0,327.0,4,4997.0,0,0,4000.0,1,1,0,4,6,0,0,0,1,0,0
850000.0,1000,4.0,1876.0,7.0,201.0,5,76.0,1,1,0.0,1,1,0,0,0,0,0,0,1,0,0
1820000.0,1000,3.0,1908.0,5.0,325.0,4,350.0,1,1,220.0,1,1,0,0,0,0,0,0,1,0,0
849000.0,1700,1.0,1907.0,1.0,613.0,5,5423.0,0,1,5203.0,0,1,0,1,10,0,0,0,1,0,0
399000.0,2570,2.0,1949.0,7.0,619.0,4,1146.0,0,0,0.0,1,0,0,2,4,0,1,0,0,0,0
495000.0,7890,4.0,2006.0,7.0,173.0,4,1580.0,1,1,0.0,1,1,0,0,0,0,0,1,0,0,0
820000.0,9420,4.0,2003.0,7.0,218.0,3,10000.0,1,0,0.0,1,0,0,1,0,0,0,0,1,0,0
299999.0,1350,2.0,1900.0,5.0,387.0,4,299.0,0,1,0.0,1,0,0,2,0,0,0,1,0,0,0
4950000.0,1190,4.0,1968.0,7.0,484.0,6,4895.0,0,1,0.0,1,0,1,3,10,0,0,1,0,0,0
1195000.0,1190,1.0,1906.0,1.0,559.0,5,235.0,0,0,90.0,1,1,0,0,0,0,0,0,1,0,0
1950000.0,1470,4.0,1800.0,7.0,671.0,6,3788.0,0,1,3788.0,1,1,0,0,30,0,0,0,1,0,0
1350000.0,9000,4.0,1842.0,5.0,301.0,12,311.0,1,0,0.0,1,1,0,1,0,0,0,0,1,0,0
495000.0,3380,4.0,1891.0,5.0,284.0,6,4432.0,1,1,4432.0,0,1,0,2,3,0,0,0,1,0,0
975000.0,2280,2.0,1854.0,5.0,541.0,5,2283.0,0,1,0.0,0,0,0,6,0,0,0,1,0,0,0
720000.0,6724,3.0,1835.0,3.0,370.0,4,3116.0,1,1,2900.0,1,1,0,0,4,0,0,1,0,0,0
480000.0,3300,3.0,1930.0,1.0,792.0,4,19522.0,0,1,0.0,0,0,0,0,0,0,0,0,1,0,0
490000.0,5372,4.0,1982.0,7.0,415.0,4,4890.0,0,1,4890.0,1,1,0,0,0,0,0,0,0,1,0
239000.0,3870,3.0,1962.0,5.0,358.0,3,0.0,0,1,0.0,0,1,0,0,0,0,0,1,0,0,0
480000.0,2220,2.0,1973.0,5.0,770.0,2,7800.0,0,0,0.0,1,0,0,2,2,0,0,0,1,0,0
1185000.0,1540,4.0,2008.0,7.0,199.0,4,1254.0,0,1,1000.0,1,1,1,2,6,0,0,0,1,0,0
1185000.0,1541,4.0,2008.0,7.0,199.0,4,1254.0,0,1,1000.0,1,1,1,2,6,0,0,0,1,0,0
495000.0,1435,3.0,1924.0,1.0,504.0,4,1322.0,0,1,0.0,1,1,0,2,10,0,0,1,0,0,0
2350000.0,1050,4.0,1928.0,7.0,268.0,5,170.0,0,1,0.0,1,1,0,1,1,0,0,0,1,0,0
1195000.0,1050,1.0,1906.0,1.0,559.0,5,235.0,0,0,90.0,1,1,0,0,0,0,0,0,1,0,0
2750000.0,1050,4.0,1874.0,7.0,203.0,6,690.0,1,1,500.0,1,1,0,2,2,0,0,0,1,0,0
3950000.0,1050,4.0,1910.0,7.0,210.0,5,340.0,0,0,0.0,1,1,0,0,0,0,0,0,1,0,0
4700000.0,1050,4.0,1906.0,7.0,208.0,10,630.0,0,1,400.0,1,1,0,2,0,0,0,0,1,0,0
750000.0,1370,4.0,1814.0,7.0,223.0,5,769.0,0,1,0.0,1,1,0,1,1,0,0,1,0,0,0
1775000.0,8300,4.0,1936.0,7.0,179.0,8,350.0,0,0,0.0,1,0,0,2,3,0,0,0,1,0,0
4290000.0,8300,4.0,1928.0,5.0,484.0,5,925.0,0,0,0.0,1,0,0,1,5,0,0,0,1,0,0
5850000.0,8300,4.0,1959.0,5.0,264.0,6,1629.0,0,0,0.0,1,0,0,0,0,0,0,0,1,0,0
945000.0,2550,4.0,2012.0,7.0,76.0,4,477.0,1,1,0.0,1,1,1,1,1,0,0,0,1,0,0
1850000.0,1950,4.0,1991.0,7.0,184.0,6,2471.0,0,0,0.0,1,1,0,0,8,0,0,0,1,0,0
1850000.0,1950,4.0,1989.0,7.0,184.0,6,2471.0,0,0,0.0,1,0,1,0,6,0,0,0,1,0,0
2450000.0,1380,4.0,2004.0,7.0,236.0,8,3000.0,1,1,0.0,1,1,1,2,0,0,0,1,0,0,0
2750000.0,1380,4.0,2000.0,7.0,166.0,7,15300.0,1,1,0.0,1,1,1,4,0,0,0,1,0,0,0
1680000.0,1380,4.0,2014.0,7.0,54.0,6,2400.0,1,1,0.0,1,1,0,1,5,0,0,0,1,0,0
645000.0,1750,4.0,2005.0,7.0,181.0,5,2256.0,0,0,2000.0,1,0,0,2,6,0,0,0,1,0,0
695000.0,3010,4.0,1976.0,3.0,97.0,4,506.0,1,1,0.0,1,1,0,0,1,0,0,0,1,0,0
995000.0,4000,1.0,1930.0,1.0,378.0,10,5200.0,1,1,4250.0,0,1,0,0,10,0,0,1,0,0,0
550000.0,4020,2.0,1900.0,5.0,368.0,6,575.0,0,1,0.0,1,1,0,0,0,0,0,0,1,0,0
529000.0,9160,2.0,1921.0,5.0,184.0,3,151.0,1,0,14.0,1,0,0,0,0,0,0,0,1,0,0
1500000.0,2800,4.0,2000.0,5.0,144.0,6,2930.0,0,1,0.0,1,1,0,3,4,0,0,0,1,0,0
395000.0,3350,2.0,1964.0,5.0,351.0,3,1438.0,0,0,0.0,0,0,0,1,5,0,0,1,0,0,0
575000.0,7063,2.0,1783.0,6.0,424.0,5,3165.0,0,1,0.0,0,0,0,6,6,0,0,0,1,0,0
325000.0,7040,2.0,2005.0,5.0,262.0,4,863.0,0,1,560.0,1,1,1,1,4,0,0,1,0,0,0
3250000.0,1640,4.0,1960.0,7.0,105.0,5,2003.0,0,1,1800.0,1,1,1,0,5,0,0,0,1,0,0
2600000.0,1640,4.0,1977.0,7.0,314.0,6,4970.0,0,1,0.0,1,1,1,3,5,0,0,1,0,0,0
595000.0,1330,3.0,1934.0,1.0,548.0,4,1826.0,0,1,0.0,0,0,0,0,5,0,0,1,0,0,0
4950000.0,1060,4.0,1968.0,7.0,260.0,6,5000.0,0,1,3500.0,1,1,1,4,10,0,0,0,1,0,0
850000.0,1210,4.0,1876.0,7.0,201.0,5,76.0,1,1,0.0,1,1,0,0,0,0,0,0,1,0,0
845000.0,1030,4.0,1886.0,7.0,338.0,6,132.0,1,1,0.0,1,1,0,0,0,0,0,0,1,0,0
739000.0,9100,2.0,1850.0,5.0,236.0,9,320.0,1,1,1.0,1,1,0,0,0,0,0,0,1,0,0
1875000.0,3080,2.0,1992.0,5.0,138.0,6,1489.0,1,1,1300.0,1,1,0,2,2,0,0,0,1,0,0
895000.0,7500,2.0,1800.0,7.0,175.0,9,304.0,1,1,76.0,1,1,0,0,0,0,0,0,1,0,0
3450000.0,1180,2.0,1970.0,5.0,140.0,5,0.0,0,1,0.0,1,1,0,3,4,0,0,0,1,0,0
1480000.0,4530,2.0,1855.0,5.0,237.0,12,4130.0,1,1,3460.0,1,1,1,3,7,0,0,0,0,1,0
675000.0,6700,2.0,1850.0,5.0,239.0,4,676.0,1,1,0.0,1,1,0,1,6,0,0,0,1,0,0
1125000.0,1410,4.0,1991.0,7.0,215.0,6,1500.0,1,1,0.0,1,1,1,1,6,0,0,1,0,0,0
1950000.0,1410,4.0,1800.0,7.0,671.0,6,3788.0,0,1,3788.0,1,1,0,0,30,0,0,0,1,0,0
1095000.0,1410,4.0,1992.0,7.0,237.0,5,3240.0,0,1,0.0,1,1,0,5,10,0,0,1,0,0,0
1650000.0,1970,2.0,1968.0,5.0,374.0,7,2187.0,0,1,0.0,1,1,0,1,1,0,0,0,1,0,0
1295000.0,1200,1.0,1930.0,1.0,476.0,10,650.0,0,1,400.0,1,1,0,2,0,0,0,1,0,0,0
3380000.0,1150,4.0,2005.0,7.0,159.0,7,1390.0,1,1,0.0,1,1,1,2,0,0,0,0,1,0,0
2985000.0,1150,4.0,1955.0,7.0,147.0,6,1270.0,1,1,0.0,1,1,0,0,0,0,0,0,1,0,0
640000.0,9790,1.0,2019.0,7.0,59.0,5,1086.0,1,1,906.0,0,1,0,0,0,0,0,0,1,0,0
495000.0,6600,1.0,1900.0,1.0,396.0,6,3249.0,0,1,0.0,0,0,0,1,5,0,0,0,0,0,1
175000.0,4560,1.0,1880.0,1.0,471.0,5,581.0,1,1,0.0,1,0,0,0,2,0,0,1,0,0,0
480000.0,3300,3.0,1930.0,1.0,792.0,4,19522.0,0,1,0.0,0,0,0,0,0,0,0,0,1,0,0
795000.0,6990,2.0,1850.0,5.0,317.0,11,3600.0,0,1,3600.0,1,0,0,2,8,0,0,1,0,0,0
1150000.0,1348,2.0,1784.0,5.0,306.0,7,3680.0,0,0,2400.0,0,0,0,2,16,0,0,1,0,0,0
750000.0,7804,4.0,1950.0,7.0,2304.0,6,6000.0,1,1,5600.0,1,1,0,2,12,0,0,1,0,0,0
435000.0,7332,3.0,1870.0,5.0,264.0,4,3634.0,1,1,3400.0,1,1,0,1,5,0,0,1,0,0,0
325000.0,7332,3.0,1870.0,5.0,264.0,4,1080.0,1,1,800.0,1,1,0,1,5,0,0,1,0,0,0
239000.0,4590,3.0,1890.0,5.0,610.0,3,1350.0,0,1,0.0,1,0,0,0,3,0,0,0,0,1,0
229000.0,4590,3.0,1890.0,5.0,610.0,2,1365.0,0,0,0.0,1,0,0,0,3,0,0,1,0,0,0
365000.0,1350,2.0,1980.0,5.0,412.0,3,2108.0,0,1,1963.0,1,1,0,1,0,0,0,1,0,0,0
299000.0,9310,2.0,1949.0,3.0,332.0,4,240.0,1,1,110.0,1,0,0,1,2,0,0,0,1,0,0
290000.0,9310,2.0,1930.0,5.0,710.0,2,576.0,1,0,0.0,1,0,0,1,2,0,0,1,0,0,0
299000.0,9300,2.0,1965.0,5.0,670.0,4,257.0,1,0,0.0,1,0,0,16,1,0,0,0,1,0,0
199000.0,9300,2.0,1930.0,5.0,308.0,2,88.0,0,0,0.0,0,0,0,1,0,0,0,0,1,0,0
285000.0,9300,3.0,1910.0,1.0,505.0,3,80.0,1,1,0.0,0,0,0,0,0,0,0,0,1,0,0
285000.0,9300,3.0,1948.0,7.0,202.0,3,316.0,0,0,0.0,1,0,0,0,0,0,0,0,1,0,0
249000.0,9300,2.0,1950.0,1.0,460.0,3,524.0,0,0,0.0,1,0,0,1,2,0,0,0,1,0,0
295000.0,9300,3.0,1956.0,6.0,180.0,4,224.0,0,1,0.0,1,0,0,1,1,0,0,0,1,0,0
269000.0,9300,4.0,1934.0,5.0,214.0,3,120.0,1,0,0.0,0,0,0,0,0,0,0,0,1,0,0
159000.0,9300,3.0,1899.0,5.0,503.0,2,282.0,1,0,0.0,1,0,0,0,0,0,0,0,1,0,0
149000.0,9300,3.0,1938.0,3.0,462.0,2,70.0,1,0,0.0,1,0,0,0,0,0,0,0,1,0,0
198000.0,9300,1.0,1935.0,1.0,593.0,4,210.0,1,1,120.0,1,0,0,0,0,0,0,0,1,0,0
260000.0,9300,2.0,1911.0,7.0,325.0,2,645.0,0,1,0.0,1,0,0,1,0,0,0,0,1,0,0
225000.0,9300,2.0,1950.0,7.0,338.0,2,180.0,0,0,0.0,1,0,0,0,1,0,0,0,1,0,0
329000.0,9300,2.0,1958.0,7.0,269.0,5,0.0,0,0,80.0,0,1,0,1,0,0,0,0,1,0,0
399000.0,9300,2.0,1958.0,6.0,256.0,3,599.0,0,1,0.0,1,0,0,0,3,0,0,0,1,0,0
375000.0,9300,4.0,1990.0,7.0,129.0,3,561.0,1,0,400.0,1,0,0,0,2,0,0,0,1,0,0
323000.0,9300,2.0,1957.0,5.0,592.0,2,232.0,0,1,0.0,1,0,0,0,0,0,0,0,1,0,0
280000.0,9300,4.0,1930.0,5.0,247.0,4,170.0,1,0,0.0,1,0,0,0,0,0,0,0,1,0,0
575000.0,9300,4.0,1977.0,5.0,290.0,3,990.0,0,0,0.0,1,0,0,1,4,0,0,0,1,0,0
249000.0,9310,2.0,1950.0,1.0,460.0,3,524.0,0,0,0.0,1,0,0,1,2,0,0,0,1,0,0
239000.0,9320,3.0,1970.0,3.0,286.0,3,147.0,0,0,50.0,1,0,0,1,3,0,0,0,1,0,0
354000.0,9880,2.0,1998.0,7.0,205.0,3,672.0,0,0,0.0,1,1,0,1,1,0,0,1,0,0,0
320000.0,3200,3.0,1988.0,7.0,254.0,2,175.0,0,0,54.0,0,0,0,1,3,0,0,0,1,0,0
295000.0,3200,2.0,1937.0,5.0,417.0,3,603.0,0,0,400.0,0,0,0,0,0,0,0,0,1,0,0
260000.0,3200,2.0,1961.0,3.0,559.0,3,1238.0,0,0,0.0,0,0,0,1,0,0,0,0,1,0,0
349000.0,3200,2.0,1930.0,6.0,110.0,3,0.0,0,0,0.0,1,0,0,0,0,0,0,0,1,0,0
435000.0,2630,4.0,1939.0,7.0,261.0,4,417.0,0,0,0.0,1,0,0,0,1,0,0,0,1,0,0
295000.0,5590,2.0,1979.0,1.0,380.0,4,737.0,1,1,617.0,1,1,0,1,1,0,0,1,0,0,0
295000.0,4219,2.0,2016.0,7.0,108.0,4,1266.0,0,0,1000.0,1,0,0,0,3,0,0,0,1,0,0
339000.0,1790,4.0,1950.0,1.0,576.0,3,1050.0,0,1,800.0,1,1,0,1,3,0,0,1,0,0,0
244000.0,1790,2.0,1930.0,1.0,810.0,3,239.0,1,1,180.0,1,0,0,1,0,0,0,1,0,0,0
294000.0,1790,1.0,1965.0,3.0,295.0,3,1303.0,1,1,1100.0,1,1,0,1,4,0,0,0,1,0,0
235000.0,1790,2.0,1918.0,3.0,532.0,2,227.0,0,0,140.0,1,0,0,0,1,0,0,0,1,0,0
309000.0,1790,3.0,1958.0,3.0,478.0,3,470.0,1,0,200.0,1,0,0,1,2,0,0,1,0,0,0
349000.0,1790,2.0,1982.0,5.0,275.0,4,473.0,0,0,0.0,0,0,0,1,2,0,0,0,1,0,0
389000.0,1790,2.0,2017.0,7.0,143.0,3,1036.0,1,0,900.0,1,0,0,1,1,0,0,0,1,0,0
435000.0,1790,4.0,2016.0,7.0,111.0,3,404.0,0,1,200.0,1,0,0,1,3,0,0,0,1,0,0
379000.0,1790,4.0,1963.0,7.0,288.0,4,343.0,1,0,240.0,1,0,0,1,3,0,0,0,1,0,0
299000.0,1790,3.0,1948.0,7.0,539.0,3,290.0,0,1,150.0,1,1,0,0,2,0,0,0,1,0,0
330000.0,1790,2.0,1949.0,5.0,667.0,3,1992.0,1,1,0.0,1,0,0,0,4,0,0,0,1,0,0
470000.0,1790,2.0,2012.0,7.0,94.0,3,403.0,1,0,80.0,1,0,0,2,3,0,0,0,1,0,0
339000.0,1790,4.0,1938.0,5.0,308.0,3,871.0,0,1,600.0,1,0,0,1,12,0,0,0,1,0,0
279000.0,6250,2.0,1918.0,5.0,320.0,3,1040.0,1,1,0.0,1,0,0,0,0,0,0,0,1,0,0
350000.0,6250,4.0,1966.0,6.0,422.0,4,0.0,0,1,0.0,1,0,0,0,0,0,0,1,0,0,0
399000.0,4432,2.0,2015.0,5.0,120.0,3,864.0,0,1,590.0,1,0,0,1,1,0,0,1,0,0,0
334000.0,4432,2.0,2007.0,7.0,340.0,3,208.0,0,0,153.0,1,1,0,1,0,0,0,0,1,0,0
899000.0,1652,4.0,2006.0,5.0,220.0,4,1409.0,0,1,0.0,0,1,0,2,0,0,0,0,1,0,0
478000.0,1652,2.0,1959.0,3.0,399.0,3,713.0,0,1,305.0,1,0,0,2,4,0,0,0,1,0,0
239000.0,4540,3.0,1955.0,3.0,435.0,2,1514.0,0,1,406.0,1,0,0,1,4,0,0,0,1,0,0
257500.0,4540,4.0,2008.0,7.0,137.0,4,540.0,0,0,300.0,1,1,0,1,3,0,0,0,1,0,0
145000.0,4540,1.0,1970.0,5.0,592.0,3,78.0,0,1,0.0,1,0,0,0,0,0,0,0,1,0,0
315000.0,4540,2.0,1874.0,5.0,364.0,4,1215.0,0,0,1000.0,1,1,0,1,3,0,0,1,0,0,0
199000.0,6953,3.0,2008.0,5.0,227.0,3,1133.0,0,0,0.0,0,0,0,1,0,0,1,0,0,0,0
245000.0,4540,3.0,1970.0,7.0,574.0,5,740.0,0,1,650.0,1,0,0,1,0,0,0,1,0,0,0
289500.0,4540,3.0,1963.0,5.0,145.0,3,122.0,0,1,0.0,1,0,0,0,0,0,0,0,1,0,0
370000.0,4540,3.0,1875.0,5.0,456.0,6,557.0,0,1,0.0,1,0,0,0,0,0,0,0,1,0,0
245000.0,4540,3.0,1875.0,5.0,456.0,4,514.0,0,1,0.0,1,0,0,2,0,0,0,0,1,0,0
129000.0,5300,3.0,1918.0,3.0,667.0,2,47.0,0,0,0.0,1,1,0,1,0,0,1,0,0,0,0
119500.0,5300,3.0,1899.0,3.0,458.0,3,104.0,0,1,0.0,1,0,0,0,0,0,0,0,1,0,0
699000.0,1070,4.0,1900.0,1.0,296.0,6,185.0,1,0,80.0,1,0,0,0,0,0,0,0,1,0,0
375000.0,1070,1.0,1891.0,1.0,195.0,4,74.0,0,1,0.0,1,0,0,0,0,0,0,0,1,0,0
275000.0,1070,1.0,1891.0,1.0,498.0,4,74.0,0,1,0.0,1,0,0,0,0,0,0,0,1,0,0
309000.0,1070,3.0,1958.0,5.0,402.0,3,0.0,0,1,0.0,1,0,0,1,0,0,0,1,0,0,0
259000.0,1070,1.0,1986.0,5.0,595.0,5,0.0,0,1,0.0,0,0,0,0,0,0,0,0,1,0,0
365000.0,1070,4.0,1900.0,5.0,298.0,3,50.0,1,1,0.0,1,1,0,0,0,0,0,0,1,0,0
399000.0,1070,2.0,1967.0,3.0,414.0,3,342.0,0,0,238.0,1,0,0,1,2,0,0,0,1,0,0
430000.0,1070,2.0,1968.0,3.0,267.0,3,243.0,1,0,135.0,1,1,0,1,2,0,0,0,1,0,0
249000.0,1070,3.0,1947.0,5.0,496.0,2,0.0,0,1,0.0,0,0,0,0,0,0,0,0,1,0,0
425000.0,1070,4.0,1932.0,5.0,390.0,4,106.0,1,1,50.0,0,1,0,0,0,0,0,0,1,0,0
379000.0,1070,3.0,1930.0,3.0,382.0,3,212.0,0,0,0.0,0,0,0,1,2,0,0,0,1,0,0
399000.0,1070,4.0,1930.0,7.0,1424.0,4,75.0,0,1,0.0,1,0,0,0,0,0,1,0,0,0,0
190000.0,6150,2.0,1899.0,3.0,295.0,4,190.0,1,1,0.0,1,1,0,0,0,0,0,0,1,0,0
349000.0,4821,2.0,1997.0,5.0,452.0,4,596.0,0,0,440.0,1,0,0,1,1,0,0,1,0,0,0
249000.0,4031,2.0,1938.0,6.0,412.0,4,170.0,0,1,65.0,1,0,0,0,0,0,0,0,1,0,0
329000.0,4432,2.0,1979.0,3.0,264.0,3,1211.0,0,0,950.0,1,1,0,0,4,0,0,1,0,0,0
329000.0,4520,2.0,1936.0,6.0,272.0,4,1028.0,0,1,620.0,1,1,0,0,5,0,0,1,0,0,0
520000.0,4520,2.0,2001.0,5.0,432.0,5,2170.0,0,0,1957.0,1,1,1,0,0,0,1,0,0,0,0
219500.0,4520,2.0,1943.0,3.0,483.0,3,1094.0,0,1,0.0,1,0,0,1,0,0,0,1,0,0,0
25000.0,4160,3.0,1899.0,5.0,251.0,3,345.0,0,0,0.0,1,0,0,1,0,0,0,1,0,0,0
2450000.0,2018,4.0,1873.0,7.0,255.0,6,266.0,0,1,266.0,1,1,0,0,9,0,0,0,1,0,0
279000.0,2018,2.0,1874.0,7.0,246.0,2,55.0,1,1,0.0,1,0,0,0,0,0,0,0,1,0,0
345000.0,2020,4.0,2012.0,7.0,114.0,3,75.0,0,0,10.0,1,0,0,0,0,0,0,0,1,0,0
1390000.0,2018,4.0,1913.0,7.0,199.0,4,156.0,0,1,35.0,1,1,0,1,3,0,0,0,1,0,0
475000.0,2018,3.0,2021.0,7.0,70.0,3,136.0,0,0,136.0,0,0,0,0,0,0,0,0,1,0,0
465000.0,2018,2.0,1895.0,5.0,286.0,3,50.0,0,1,0.0,1,0,0,0,0,0,0,0,1,0,0
529000.0,2610,4.0,1927.0,7.0,303.0,3,0.0,0,1,45.0,0,0,0,0,0,0,0,0,1,0,0
235000.0,2000,2.0,2021.0,6.0,170.0,1,87.0,0,0,67.0,0,0,0,0,0,0,0,0,1,0,0
575000.0,2018,2.0,1909.0,5.0,202.0,4,65.0,0,1,0.0,1,0,0,0,0,0,0,0,1,0,0
289500.0,2030,2.0,2020.0,6.0,223.0,2,110.0,1,0,38.0,0,0,0,0,0,0,0,0,1,0,0
610000.0,2060,3.0,1906.0,5.0,118.0,7,154.0,0,1,62.0,1,0,0,0,0,0,0,0,1,0,0
449000.0,2600,4.0,1929.0,6.0,143.0,2,122.0,0,1,30.0,1,0,0,0,0,0,0,0,1,0,0
257000.0,8570,2.0,1930.0,5.0,307.0,3,399.0,0,0,0.0,0,0,0,2,0,0,0,0,1,0,0
329000.0,8850,4.0,1961.0,7.0,236.0,3,155.0,0,1,0.0,1,1,0,0,0,0,0,0,1,0,0
550000.0,6700,3.0,1961.0,3.0,336.0,3,2900.0,0,1,2000.0,1,0,0,3,10,0,0,1,0,0,0
295000.0,6700,1.0,1959.0,1.0,596.0,4,730.0,0,0,0.0,0,0,0,1,1,0,0,1,0,0,0
665000.0,6700,2.0,1890.0,5.0,194.0,7,566.0,0,1,0.0,0,0,0,2,0,0,0,1,0,0,0
520000.0,6700,4.0,1776.0,7.0,298.0,5,1010.0,0,0,0.0,1,1,0,1,2,0,0,1,0,0,0
585000.0,6700,2.0,1960.0,5.0,392.0,5,695.0,1,1,0.0,1,1,1,2,2,0,0,1,0,0,0
245000.0,6700,1.0,1940.0,1.0,530.0,3,0.0,1,1,0.0,0,0,0,0,0,0,0,1,0,0,0
595000.0,6700,2.0,2011.0,7.0,120.0,3,275.0,0,0,175.0,1,0,0,1,0,0,0,0,1,0,0
530000.0,6700,2.0,1850.0,5.0,129.0,5,0.0,1,0,0.0,1,1,0,0,1,0,0,0,1,0,0
1050000.0,6700,4.0,1991.0,7.0,164.0,4,3342.0,0,0,0.0,1,0,0,2,2,0,0,1,0,0,0
650000.0,6700,2.0,1920.0,6.0,226.0,5,2167.0,1,0,2045.0,1,0,1,1,2,0,0,0,1,0,0
490000.0,6700,2.0,1966.0,5.0,461.0,3,865.0,1,1,758.0,1,1,0,1,3,0,0,1,0,0,0
419000.0,9404,2.0,1990.0,7.0,242.0,4,0.0,0,0,0.0,0,0,0,0,0,0,0,1,0,0,0
379000.0,1730,2.0,1951.0,5.0,487.0,3,317.0,0,0,100.0,1,0,0,1,2,0,0,0,1,0,0
199000.0,1730,2.0,1930.0,6.0,244.0,2,76.0,0,0,0.0,1,0,0,0,1,0,0,0,1,0,0
460000.0,1730,4.0,2008.0,7.0,100.0,3,366.0,1,0,100.0,1,0,0,1,2,0,0,0,1,0,0
370000.0,1730,2.0,1964.0,3.0,455.0,3,378.0,1,1,120.0,0,0,0,1,0,0,0,0,1,0,0
298000.0,8310,3.0,1950.0,3.0,525.0,3,360.0,0,0,0.0,0,0,0,1,0,0,0,0,1,0,0
299000.0,8310,4.0,2019.0,7.0,257.0,2,79.0,1,0,0.0,1,1,0,0,0,0,1,0,0,0,0
199000.0,9960,3.0,1930.0,3.0,1091.0,2,274.0,0,0,0.0,1,1,0,0,0,0,0,1,0,0,0
349000.0,9800,2.0,1955.0,5.0,603.0,3,723.0,1,0,0.0,0,0,0,1,0,0,0,0,1,0,0
325000.0,7822,2.0,2012.0,7.0,124.0,3,318.0,1,0,150.0,1,0,0,1,2,0,0,0,1,0,0
365000.0,6791,2.0,1950.0,6.0,207.0,6,748.0,0,1,650.0,1,0,0,1,2,0,0,0,1,0,0
380000.0,6717,2.0,1984.0,5.0,327.0,4,829.0,1,1,490.0,1,0,1,1,1,0,0,1,0,0,0
540000.0,6717,2.0,1975.0,3.0,212.0,4,1602.0,0,1,0.0,0,0,0,1,0,0,0,1,0,0,0
775000.0,1160,2.0,1930.0,1.0,160.0,5,175.0,0,0,100.0,1,0,0,1,0,0,0,0,1,0,0
469000.0,1160,4.0,1965.0,3.0,475.0,3,0.0,0,1,46.0,1,1,0,0,0,0,0,0,1,0,0
849000.0,1160,4.0,1965.0,7.0,214.0,4,206.0,0,1,100.0,1,0,0,1,1,0,0,0,1,0,0
520000.0,1160,1.0,1932.0,1.0,525.0,4,142.0,1,1,41.0,1,1,0,0,0,0,0,0,1,0,0
765000.0,1160,4.0,1939.0,3.0,239.0,5,0.0,1,1,0.0,0,0,0,1,0,0,0,0,1,0,0
399000.0,1160,1.0,1899.0,1.0,380.0,3,180.0,1,1,132.0,0,0,0,0,0,0,0,0,1,0,0
315000.0,5060,3.0,1966.0,3.0,398.0,4,700.0,1,1,0.0,1,1,0,1,4,0,0,1,0,0,0
335000.0,4340,2.0,1958.0,6.0,351.0,2,1159.0,0,1,795.0,1,1,0,2,0,0,0,1,0,0,0
350000.0,6870,4.0,1976.0,6.0,255.0,3,2570.0,0,1,0.0,1,0,0,1,0,0,0,1,0,0,0
259000.0,6900,3.0,1989.0,3.0,549.0,2,693.0,0,1,0.0,0,1,0,1,0,0,0,1,0,0,0
209000.0,4920,3.0,1932.0,1.0,405.0,5,209.0,1,1,0.0,1,0,0,0,0,0,0,1,0,0,0
185000.0,4920,3.0,2008.0,5.0,739.0,3,435.0,0,1,354.0,1,0,0,0,2,0,1,0,0,0,0
425000.0,9310,2.0,1998.0,5.0,173.0,3,312.0,0,0,40.0,1,0,0,2,3,0,0,0,1,0,0
184000.0,9200,2.0,1953.0,6.0,917.0,2,82.0,0,0,0.0,0,0,0,0,0,0,1,0,0,0,0
249900.0,9200,3.0,1962.0,1.0,959.0,3,479.0,0,1,0.0,1,1,0,1,3,0,0,1,0,0,0
80000.0,4520,1.0,1918.0,1.0,553.0,4,146.0,0,1,90.0,1,0,0,1,0,0,0,1,0,0,0
209000.0,4690,3.0,1899.0,5.0,277.0,2,216.0,1,1,84.0,0,1,0,1,0,0,0,1,0,0,0
249000.0,4690,2.0,2013.0,5.0,452.0,3,378.0,1,0,100.0,1,1,0,1,1,0,0,1,0,0,0
167000.0,4690,2.0,1936.0,5.0,444.0,2,540.0,1,1,430.0,1,0,0,0,1,0,0,1,0,0,0
239000.0,4690,2.0,1952.0,3.0,495.0,3,2315.0,0,1,80.0,0,0,0,1,1,0,0,1,0,0,0
980000.0,6600,4.0,1898.0,7.0,135.0,12,4000.0,0,1,0.0,1,0,0,0,10,0,0,1,0,0,0
260000.0,6600,2.0,1968.0,5.0,501.0,5,0.0,1,1,0.0,1,1,1,2,0,0,0,1,0,0,0
215000.0,4052,1.0,1930.0,1.0,499.0,6,473.0,0,1,0.0,0,0,0,0,0,0,0,1,0,0,0
395000.0,6980,4.0,2004.0,7.0,189.0,4,1362.0,1,0,1136.0,0,1,0,1,3,0,0,1,0,0,0
330000.0,1320,3.0,1977.0,5.0,489.0,3,3390.0,0,1,0.0,1,1,1,1,5,0,0,1,0,0,0
675000.0,2340,2.0,1989.0,7.0,285.0,2,2732.0,0,0,0.0,1,0,0,1,0,0,0,0,1,0,0
399000.0,2340,2.0,1999.0,5.0,162.0,3,437.0,0,0,150.0,1,0,0,0,1,0,0,0,1,0,0
340000.0,1650,3.0,1933.0,3.0,541.0,3,585.0,1,1,0.0,0,0,0,1,0,0,0,0,1,0,0
980000.0,1650,2.0,1961.0,5.0,290.0,4,4110.0,0,1,0.0,1,0,0,3,3,0,0,0,1,0,0
549000.0,1650,2.0,1976.0,6.0,292.0,3,1025.0,0,0,0.0,0,0,0,1,0,0,0,0,1,0,0
800000.0,1650,2.0,1885.0,3.0,450.0,5,11159.0,0,1,920.0,1,1,0,3,3,0,0,0,1,0,0
620000.0,1650,2.0,1985.0,3.0,450.0,5,717.0,0,1,475.0,1,0,0,3,3,0,0,0,1,0,0
899000.0,1650,4.0,2006.0,5.0,220.0,4,1409.0,0,1,0.0,0,1,0,2,0,0,0,0,1,0,0
320000.0,1650,2.0,1918.0,6.0,227.0,2,95.0,0,1,0.0,1,0,0,0,0,0,0,0,1,0,0
478000.0,1650,2.0,1959.0,3.0,399.0,3,713.0,0,1,305.0,1,0,0,2,4,0,0,0,1,0,0
448000.0,1650,2.0,2012.0,5.0,127.0,4,209.0,0,0,80.0,0,0,0,0,2,0,0,0,1,0,0
219000.0,1651,1.0,1963.0,1.0,265.0,2,212.0,1,0,121.0,1,1,0,0,0,0,0,0,1,0,0
349000.0,3130,4.0,1965.0,5.0,512.0,3,912.0,1,1,0.0,1,0,0,1,1,0,0,1,0,0,0
278000.0,3460,2.0,2009.0,5.0,158.0,3,145.0,0,0,40.0,1,0,0,0,1,0,0,0,1,0,0
215000.0,5001,3.0,1938.0,1.0,317.0,5,390.0,0,1,390.0,1,1,0,0,0,0,0,1,0,0,0
259000.0,8510,2.0,1910.0,3.0,335.0,4,251.0,0,1,0.0,1,0,0,1,0,0,0,0,1,0,0
299000.0,4960,3.0,1957.0,3.0,713.0,8,2319.0,1,1,1873.0,1,0,0,1,6,0,0,1,0,0,0
530000.0,4500,2.0,1999.0,7.0,117.0,2,10677.0,0,1,10000.0,1,1,0,2,10,0,0,1,0,0,0
179000.0,4500,2.0,1938.0,5.0,652.0,2,1154.0,0,1,1044.0,0,0,0,0,0,0,0,1,0,0,0
510000.0,1082,2.0,1976.0,7.0,209.0,3,0.0,1,0,15.0,1,1,0,0,0,0,0,0,1,0,0
419000.0,1082,2.0,1930.0,5.0,730.0,3,200.0,0,1,95.0,1,0,0,0,0,0,0,0,1,0,0
399000.0,1082,4.0,1935.0,5.0,343.0,4,124.0,0,1,55.0,1,0,0,0,0,0,0,0,1,0,0
360000.0,2600,2.0,1920.0,7.0,347.0,3,0.0,0,1,14.0,0,0,0,0,0,0,0,0,1,0,0
449000.0,3581,2.0,1996.0,5.0,437.0,4,1300.0,0,1,910.0,1,0,0,1,3,0,0,0,1,0,0
429000.0,3582,2.0,2019.0,5.0,23.0,3,540.0,0,0,132.0,1,0,0,0,0,0,0,0,1,0,0
342000.0,3582,2.0,1973.0,5.0,183.0,6,963.0,0,0,540.0,1,1,0,1,4,0,0,0,1,0,0
350000.0,3582,2.0,1977.0,5.0,392.0,3,711.0,0,1,500.0,1,0,0,1,3,0,0,1,0,0,0
259000.0,2590,2.0,1960.0,5.0,479.0,2,465.0,0,0,0.0,0,0,0,2,1,0,0,0,1,0,0
495000.0,2590,2.0,1979.0,3.0,403.0,3,1308.0,0,0,0.0,0,0,0,2,2,0,0,1,0,0,0
439000.0,2590,1.0,1964.0,1.0,586.0,3,0.0,0,0,0.0,0,0,0,1,0,0,0,1,0,0,0
599000.0,9290,4.0,1972.0,7.0,358.0,3,892.0,0,1,0.0,1,1,0,2,0,0,0,0,1,0,0
199000.0,4257,3.0,1920.0,5.0,262.0,3,235.0,0,1,155.0,1,0,0,1,1,0,0,1,0,0,0
180000.0,4257,3.0,1930.0,1.0,562.0,2,1786.0,1,1,1697.0,1,1,0,1,0,0,0,1,0,0,0
250000.0,7320,2.0,1938.0,5.0,262.0,5,510.0,1,0,0.0,1,1,0,1,3,0,0,0,1,0,0
250000.0,6687,2.0,2008.0,5.0,195.0,4,1207.0,0,0,0.0,0,0,0,1,0,0,0,1,0,0,0
270000.0,6687,3.0,1997.0,5.0,222.0,3,938.0,0,0,0.0,0,0,0,1,0,0,0,1,0,0,0
368800.0,9120,4.0,2022.0,7.0,30.0,3,185.0,0,0,0.0,0,0,0,0,2,0,0,0,1,0,0
383100.0,9120,4.0,2022.0,7.0,30.0,3,245.0,0,0,0.0,0,0,0,1,1,0,0,0,1,0,0
376300.0,9120,4.0,2022.0,7.0,30.0,3,235.0,0,0,0.0,0,0,0,1,1,0,0,0,1,0,0
295000.0,9120,3.0,1954.0,1.0,975.0,3,320.0,0,1,0.0,0,0,0,1,3,0,0,0,1,0,0
168000.0,9120,3.0,1880.0,2.0,460.0,2,235.0,1,1,130.0,1,0,0,0,0,0,0,0,1,0,0
299000.0,4610,4.0,1875.0,5.0,191.0,4,1508.0,0,0,763.0,1,0,0,2,237,0,0,0,1,0,0
229000.0,4610,2.0,1935.0,5.0,782.0,2,970.0,0,0,500.0,1,0,0,0,0,0,0,0,1,0,0
174000.0,4610,3.0,1960.0,1.0,951.0,2,394.0,0,1,314.0,1,0,0,1,2,0,1,0,0,0,0
199000.0,4610,2.0,1918.0,5.0,317.0,3,240.0,1,1,160.0,1,0,0,0,0,0,0,1,0,0,0
245000.0,1301,1.0,1933.0,1.0,744.0,3,550.0,1,1,0.0,0,0,0,0,0,0,0,1,0,0,0
225000.0,3740,4.0,1900.0,5.0,390.0,3,86.0,1,1,0.0,1,0,0,0,2,0,0,0,1,0,0
275000.0,3740,2.0,1973.0,5.0,889.0,4,1064.0,0,0,0.0,0,0,0,0,0,0,0,1,0,0,0
298000.0,8501,2.0,1930.0,5.0,358.0,5,278.0,0,1,0.0,0,0,0,0,0,0,0,0,1,0,0
382500.0,2830,2.0,1979.0,1.0,508.0,3,912.0,0,0,660.0,0,0,0,1,0,0,0,0,1,0,0
155000.0,5542,2.0,1987.0,7.0,185.0,2,695.0,0,1,625.0,0,0,0,1,4,0,0,1,0,0,0
150000.0,8370,2.0,1956.0,1.0,1081.0,3,61.0,0,1,0.0,1,0,0,0,0,0,0,0,1,0,0
315000.0,8370,4.0,2020.0,7.0,97.0,3,53.0,0,0,0.0,1,0,0,0,0,0,0,0,1,0,0
285000.0,8370,2.0,1937.0,3.0,376.0,3,195.0,0,0,123.0,0,0,0,0,0,0,0,0,1,0,0
285000.0,8370,2.0,1958.0,5.0,208.0,3,140.0,0,0,0.0,1,0,0,0,0,0,0,0,1,0,0
325000.0,1450,3.0,1957.0,3.0,502.0,3,1335.0,0,1,0.0,1,0,0,2,3,0,0,0,1,0,0
295000.0,1450,3.0,1951.0,1.0,495.0,3,837.0,0,1,0.0,1,0,0,2,2,0,0,0,1,0,0
225000.0,7603,3.0,1832.0,3.0,361.0,5,400.0,0,1,150.0,1,0,0,0,0,0,0,1,0,0,0
389000.0,2820,2.0,1962.0,5.0,905.0,2,768.0,0,1,0.0,0,0,0,1,3,0,0,1,0,0,0
1050000.0,6700,4.0,1994.0,5.0,155.0,4,3350.0,0,1,0.0,1,0,0,5,0,0,0,1,0,0,0
430000.0,6700,2.0,1960.0,1.0,460.0,4,4030.0,0,1,0.0,1,0,0,1,0,0,0,1,0,0,0
339000.0,2221,2.0,2000.0,7.0,314.0,4,188.0,0,0,0.0,0,0,0,0,0,0,0,0,1,0,0
350000.0,2850,2.0,1885.0,5.0,527.0,4,280.0,0,0,30.0,0,0,0,0,5,0,0,0,1,0,0
329000.0,2850,2.0,1912.0,6.0,204.0,3,498.0,0,0,0.0,1,0,0,3,3,0,0,0,1,0,0
489000.0,3190,4.0,1930.0,5.0,184.0,3,1389.0,1,0,0.0,1,0,0,0,1,0,0,0,1,0,0
360000.0,3840,4.0,2011.0,7.0,111.0,4,411.0,1,1,70.0,1,0,0,1,3,0,0,0,1,0,0
359000.0,2880,2.0,1995.0,5.0,173.0,3,232.0,0,0,0.0,1,0,0,1,0,0,0,0,1,0,0
229000.0,2880,3.0,1948.0,1.0,485.0,3,240.0,0,1,0.0,1,0,0,0,2,0,0,0,1,0,0
850000.0,1390,4.0,2008.0,7.0,99.0,6,1678.0,0,1,0.0,1,0,1,2,3,0,0,0,1,0,0
275000.0,5004,3.0,1949.0,3.0,631.0,2,486.0,0,1,350.0,1,1,0,2,2,0,0,1,0,0,0
425000.0,3370,3.0,1960.0,1.0,622.0,5,1520.0,1,1,0.0,1,0,0,1,3,0,0,0,1,0,0
350000.0,1428,1.0,1953.0,5.0,280.0,3,555.0,1,1,0.0,1,0,0,0,1,0,0,0,1,0,0
599000.0,1428,3.0,1967.0,5.0,193.0,6,555.0,1,0,380.0,1,0,1,0,0,0,0,0,1,0,0
2850000.0,1420,4.0,1970.0,7.0,266.0,5,3160.0,0,1,1260.0,1,1,1,2,5,0,0,0,1,0,0
435000.0,1420,4.0,1950.0,7.0,200.0,3,309.0,0,1,200.0,1,1,0,0,0,0,0,0,1,0,0
450000.0,1420,4.0,1956.0,7.0,160.0,4,234.0,1,1,30.0,1,1,0,0,1,0,0,0,1,0,0
399000.0,1420,4.0,1963.0,7.0,331.0,3,314.0,0,1,0.0,1,1,0,1,2,0,0,0,1,0,0
375000.0,1420,2.0,1955.0,7.0,247.0,3,251.0,0,1,200.0,1,1,0,0,0,0,0,0,1,0,0
210000.0,1420,2.0,1920.0,1.0,369.0,3,370.0,0,1,0.0,1,1,0,0,0,0,0,1,0,0,0
225000.0,1420,2.0,1930.0,5.0,252.0,4,249.0,1,1,0.0,1,0,0,0,0,0,0,0,1,0,0
330000.0,1420,2.0,1972.0,5.0,208.0,3,249.0,0,1,0.0,0,0,0,1,1,0,0,0,1,0,0
269500.0,1420,3.0,1930.0,6.0,355.0,3,225.0,0,1,80.0,0,1,0,0,0,0,0,0,1,0,0
470000.0,1420,2.0,1972.0,3.0,307.0,3,715.0,0,0,692.0,1,1,0,2,2,0,0,1,0,0,0
315000.0,1440,4.0,1960.0,3.0,412.0,3,500.0,0,1,225.0,1,0,0,0,2,0,0,0,1,0,0
765000.0,1440,2.0,2004.0,7.0,192.0,3,7252.0,0,0,0.0,1,0,0,11,0,0,1,0,0,0,0
150000.0,7090,2.0,1960.0,5.0,464.0,2,50.0,0,1,0.0,0,0,0,0,0,0,0,0,0,1,0
420000.0,7090,2.0,2016.0,7.0,92.0,5,404.0,1,0,256.0,1,0,0,1,1,0,0,0,1,0,0
270000.0,7090,2.0,1937.0,5.0,285.0,2,440.0,1,1,440.0,1,0,0,0,0,0,0,0,1,0,0
389000.0,4260,2.0,1951.0,5.0,575.0,5,817.0,0,1,340.0,1,1,0,1,2,0,0,1,0,0,0
345000.0,9660,2.0,1936.0,7.0,137.0,3,490.0,0,0,0.0,1,0,0,0,0,0,0,0,1,0,0
3850000.0,2930,4.0,2010.0,7.0,101.0,5,10000.0,0,1,0.0,1,1,1,1,9,0,0,0,1,0,0
537000.0,2930,4.0,1973.0,6.0,266.0,3,484.0,0,0,406.0,1,0,0,1,2,0,0,0,1,0,0
459000.0,2930,2.0,2014.0,7.0,88.0,2,250.0,1,0,160.0,1,0,1,1,0,0,0,0,1,0,0
355000.0,8450,4.0,2019.0,7.0,98.0,3,161.0,1,0,50.0,1,0,0,1,0,0,0,0,1,0,0
320000.0,2870,3.0,1956.0,3.0,288.0,2,295.0,0,1,65.0,1,0,0,1,3,0,0,0,1,0,0
540000.0,2520,2.0,1978.0,5.0,305.0,3,661.0,0,0,0.0,1,1,0,1,0,0,0,0,1,0,0
438000.0,8200,2.0,1962.0,1.0,485.0,4,773.0,0,0,0.0,1,0,0,1,1,0,0,0,1,0,0
650000.0,8000,2.0,1850.0,5.0,191.0,3,332.0,1,1,139.0,0,1,0,2,1,0,0,0,1,0,0
269000.0,8000,2.0,1960.0,3.0,313.0,3,240.0,0,0,0.0,1,0,0,1,1,0,0,0,1,0,0
395000.0,8000,2.0,2021.0,6.0,236.0,3,184.0,1,0,105.0,1,1,0,0,0,0,0,0,1,0,0
750000.0,7623,4.0,2001.0,7.0,208.0,4,5287.0,1,1,0.0,1,1,0,4,4,0,0,1,0,0,0
1295000.0,1000,4.0,1900.0,5.0,307.0,4,317.0,0,1,200.0,1,1,0,1,0,0,0,0,1,0,0
945000.0,1000,4.0,1903.0,7.0,289.0,4,146.0,1,1,60.0,1,1,0,0,0,0,0,0,1,0,0
1100000.0,1000,4.0,1930.0,7.0,144.0,6,132.0,0,1,50.0,1,1,0,0,0,0,0,0,1,0,0
595000.0,1000,1.0,1900.0,1.0,558.0,5,98.0,1,1,25.0,1,1,0,0,0,0,0,0,1,0,0
380000.0,1000,2.0,1900.0,3.0,398.0,5,58.0,0,1,0.0,1,0,0,0,0,0,0,0,1,0,0
4950000.0,1190,2.0,1968.0,7.0,260.0,5,0.0,0,0,0.0,0,1,1,1,0,0,0,1,0,0,0
365700.0,9255,4.0,2022.0,7.0,30.0,3,500.0,0,0,0.0,0,0,0,0,2,0,0,0,1,0,0
349300.0,9255,4.0,2022.0,7.0,30.0,3,450.0,1,0,0.0,0,0,0,0,2,0,0,0,1,0,0
548000.0,9255,4.0,2022.0,7.0,30.0,3,1130.0,0,0,0.0,0,0,0,0,2,0,0,0,1,0,0
297000.0,4760,1.0,1920.0,5.0,384.0,7,598.0,1,1,0.0,0,0,0,1,0,0,0,1,0,0,0
299000.0,3380,2.0,1968.0,1.0,435.0,4,1952.0,0,0,0.0,1,0,0,1,6,0,0,1,0,0,0
310000.0,7133,3.0,1995.0,3.0,319.0,5,1000.0,0,0,0.0,1,0,0,0,1,0,0,0,1,0,0
165000.0,6230,1.0,1933.0,3.0,435.0,3,450.0,1,1,370.0,0,0,0,1,0,0,0,1,0,0,0
250000.0,6230,3.0,1979.0,1.0,761.0,2,986.0,0,0,700.0,1,1,0,2,0,0,0,0,0,0,1
225000.0,5630,2.0,1890.0,5.0,308.0,3,230.0,0,1,0.0,0,0,0,3,0,0,0,1,0,0,0
234900.0,7160,2.0,1918.0,5.0,458.0,5,300.0,1,1,240.0,1,1,0,1,0,0,0,1,0,0,0
59900.0,6060,3.0,1880.0,3.0,465.0,2,67.0,0,0,0.0,0,0,0,0,0,0,0,0,1,0,0
159000.0,6041,3.0,1900.0,3.0,446.0,2,0.0,1,1,70.0,1,0,0,0,0,0,0,0,1,0,0
145000.0,6030,1.0,1960.0,3.0,364.0,4,350.0,0,1,200.0,1,0,0,1,0,0,0,0,1,0,0
119900.0,6040,3.0,1957.0,3.0,552.0,2,120.0,1,1,0.0,1,1,0,1,0,0,0,0,1,0,0
229900.0,6040,2.0,1899.0,5.0,397.0,3,482.0,1,1,237.0,1,0,0,1,0,0,0,0,1,0,0
249999.0,6042,2.0,1945.0,6.0,379.0,4,500.0,0,1,0.0,1,0,0,1,0,0,0,0,1,0,0
99900.0,6001,1.0,1850.0,1.0,395.0,4,210.0,1,1,124.0,0,1,0,0,0,0,0,1,0,0,0
89000.0,6031,1.0,1874.0,1.0,397.0,3,110.0,1,1,0.0,0,0,0,1,1,0,0,0,1,0,0
149000.0,6032,2.0,1918.0,3.0,447.0,4,727.0,0,0,0.0,1,1,0,3,0,0,0,1,0,0,0
99900.0,6061,2.0,1874.0,6.0,489.0,2,40.0,1,1,0.0,0,0,0,0,0,0,0,0,1,0,0
249999.0,6000,2.0,1945.0,6.0,379.0,4,500.0,0,1,0.0,1,0,0,1,0,0,0,0,1,0,0
210000.0,6001,2.0,1947.0,5.0,638.0,3,0.0,0,1,0.0,1,0,0,1,0,0,0,0,1,0,0
235000.0,6001,2.0,1970.0,7.0,492.0,3,347.0,1,1,250.0,1,0,0,0,1,0,0,1,0,0,0
149900.0,6030,1.0,1899.0,1.0,565.0,4,460.0,1,1,0.0,1,0,0,1,0,0,0,0,1,0,0
169000.0,6041,3.0,1920.0,3.0,368.0,4,0.0,1,1,0.0,1,0,0,0,0,0,0,0,1,0,0
269900.0,6041,2.0,1918.0,5.0,353.0,4,1155.0,1,1,1000.0,1,1,0,1,4,0,0,0,1,0,0
179000.0,6060,2.0,1900.0,5.0,381.0,3,0.0,1,1,150.0,1,0,0,0,0,0,0,0,1,0,0
339000.0,1450,3.0,1918.0,1.0,277.0,4,1280.0,1,0,0.0,1,0,0,1,6,0,0,0,1,0,0
189000.0,6200,2.0,1963.0,1.0,729.0,2,668.0,0,1,0.0,1,1,0,2,3,0,0,1,0,0,0
199900.0,6200,2.0,1950.0,5.0,435.0,2,600.0,1,1,300.0,1,1,0,1,1,0,0,0,1,0,0
149900.0,6200,2.0,1956.0,3.0,510.0,3,105.0,1,1,120.0,1,0,0,1,1,0,0,1,0,0,0
710000.0,4052,2.0,1966.0,5.0,327.0,5,1900.0,0,0,1700.0,1,0,0,2,6,0,0,1,0,0,0
149000.0,4050,2.0,1930.0,3.0,622.0,2,64.0,0,0,0.0,0,0,0,0,1,0,0,0,1,0,0
89000.0,4050,1.0,1939.0,1.0,420.0,2,134.0,0,0,0.0,1,1,0,1,0,0,0,1,0,0,0
99000.0,4050,1.0,1938.0,1.0,398.0,2,135.0,0,0,0.0,1,1,0,0,0,0,0,0,1,0,0
367000.0,7950,2.0,1960.0,5.0,493.0,6,890.0,0,0,0.0,0,0,0,0,0,0,0,0,1,0,0
185000.0,6460,4.0,1966.0,3.0,244.0,4,1500.0,1,1,1300.0,1,0,0,1,6,0,0,1,0,0,0
350000.0,5590,2.0,2008.0,7.0,216.0,3,871.0,1,1,0.0,1,1,0,0,0,0,0,1,0,0,0
245000.0,5590,2.0,1971.0,5.0,396.0,3,680.0,1,0,680.0,1,0,0,1,2,0,0,1,0,0,0
340000.0,4560,4.0,2011.0,7.0,135.0,4,638.0,1,0,400.0,1,0,0,1,4,0,0,0,1,0,0
315000.0,4560,2.0,2017.0,7.0,165.0,3,655.0,0,0,250.0,1,0,0,1,3,0,0,0,1,0,0
150000.0,7340,2.0,1945.0,5.0,417.0,3,420.0,0,1,0.0,0,0,0,1,0,0,0,0,1,0,0
285000.0,7340,2.0,1940.0,5.0,421.0,8,2110.0,0,1,0.0,0,0,0,1,0,0,0,1,0,0,0
249000.0,4180,3.0,1993.0,5.0,262.0,4,1278.0,0,0,0.0,1,0,0,1,4,0,0,0,1,0,0
325000.0,1435,1.0,1900.0,1.0,725.0,4,451.0,0,1,0.0,0,1,0,1,3,0,0,0,1,0,0
315000.0,1325,1.0,1987.0,1.0,326.0,2,1332.0,0,1,1332.0,1,0,0,2,2,0,0,1,0,0,0
285000.0,6181,4.0,1893.0,5.0,572.0,4,367.0,1,1,250.0,1,0,0,1,1,0,0,0,1,0,0
179000.0,6180,3.0,1960.0,5.0,268.0,2,551.0,1,1,450.0,1,1,0,0,0,0,0,0,1,0,0
249000.0,6180,2.0,1918.0,5.0,246.0,2,915.0,1,1,800.0,1,1,0,1,1,0,0,0,1,0,0
475000.0,1490,3.0,1870.0,5.0,482.0,3,1720.0,1,1,0.0,1,1,0,1,8,0,0,1,0,0,0
425000.0,1490,2.0,1906.0,6.0,394.0,3,500.0,0,1,0.0,1,1,0,1,2,0,0,1,0,0,0
650000.0,1490,3.0,1974.0,5.0,382.0,4,2474.0,0,1,0.0,1,0,0,1,2,0,1,0,0,0,0
325000.0,4218,3.0,1918.0,5.0,351.0,4,1500.0,0,1,0.0,1,0,0,1,0,0,0,0,1,0,0
349000.0,4280,2.0,2014.0,5.0,141.0,3,140.0,0,0,80.0,1,0,0,2,2,0,0,1,0,0,0
249000.0,4280,3.0,1902.0,5.0,340.0,3,723.0,0,1,593.0,0,1,0,1,0,0,0,1,0,0,0
225000.0,4367,2.0,1900.0,3.0,630.0,3,700.0,1,1,0.0,0,1,0,0,2,0,0,1,0,0,0
149995.0,6020,2.0,1945.0,5.0,421.0,2,89.0,0,1,0.0,1,0,0,0,0,0,0,1,0,0,0
159999.0,6020,2.0,1950.0,5.0,340.0,2,350.0,0,1,0.0,1,0,0,0,0,0,0,1,0,0,0
275000.0,8420,3.0,1966.0,1.0,626.0,2,0.0,0,0,0.0,1,0,0,1,2,0,0,0,1,0,0
395000.0,8420,4.0,1957.0,6.0,244.0,3,151.0,1,1,0.0,1,0,0,0,3,0,0,0,1,0,0
425000.0,8420,2.0,2007.0,7.0,153.0,3,358.0,0,0,0.0,1,0,0,1,0,0,0,0,1,0,0
325000.0,8420,2.0,2021.0,7.0,60.0,4,350.0,0,0,0.0,1,0,0,1,1,0,0,0,1,0,0
490000.0,8420,2.0,2008.0,7.0,108.0,4,369.0,1,0,220.0,1,0,0,1,2,0,0,0,1,0,0
635000.0,9170,2.0,1984.0,5.0,344.0,3,5651.0,0,1,0.0,1,0,0,2,2,0,0,0,1,0,0
408000.0,9170,2.0,2011.0,5.0,120.0,3,238.0,0,0,0.0,1,0,0,1,1,0,0,0,1,0,0
768000.0,9840,4.0,1972.0,5.0,283.0,4,665.0,1,1,450.0,1,1,0,2,3,0,0,0,1,0,0
419000.0,9840,2.0,1979.0,5.0,361.0,4,493.0,0,0,0.0,0,1,0,1,0,0,0,1,0,0,0
175000.0,8540,2.0,1930.0,5.0,713.0,2,152.0,0,1,22.0,0,0,0,1,1,0,0,0,1,0,0
300000.0,8540,2.0,2005.0,5.0,172.0,3,248.0,0,0,0.0,1,0,0,1,0,0,0,0,1,0,0
219000.0,9800,2.0,2016.0,7.0,96.0,1,68.0,0,0,0.0,1,0,0,0,0,0,0,0,1,0,0
750000.0,9850,2.0,1988.0,3.0,299.0,3,2487.0,0,0,0.0,0,0,0,1,0,0,0,0,1,0,0
250000.0,9450,4.0,1957.0,1.0,904.0,2,998.0,1,0,998.0,0,0,0,1,0,0,0,1,0,0,0
275000.0,9450,3.0,1955.0,1.0,356.0,4,771.0,1,1,771.0,1,0,0,1,2,0,0,1,0,0,0
364800.0,9470,4.0,2022.0,7.0,20.0,3,276.0,1,0,0.0,0,0,0,0,2,0,0,0,1,0,0
364300.0,9470,4.0,2022.0,7.0,20.0,3,274.0,1,0,0.0,0,0,0,0,2,0,0,0,1,0,0
284000.0,9470,2.0,1959.0,1.0,1014.0,3,0.0,1,1,0.0,1,0,0,3,1,0,0,0,1,0,0
429000.0,9470,4.0,1951.0,5.0,336.0,4,508.0,1,1,190.0,1,0,0,1,3,0,0,1,0,0,0
365000.0,9470,4.0,1987.0,5.0,413.0,3,655.0,0,1,655.0,1,0,0,1,3,0,1,0,0,0,0
375000.0,9470,4.0,2009.0,5.0,134.0,3,203.0,0,0,203.0,1,1,0,1,0,0,0,0,1,0,0
299000.0,9470,2.0,1936.0,1.0,484.0,3,568.0,1,1,0.0,0,0,0,1,0,0,0,0,1,0,0
249000.0,9470,4.0,1964.0,1.0,601.0,5,501.0,0,0,0.0,1,0,0,0,10,0,0,0,1,0,0
315000.0,9200,4.0,1918.0,7.0,105.0,3,103.0,1,0,50.0,1,0,0,0,0,0,0,0,1,0,0
799000.0,9200,2.0,1930.0,5.0,296.0,4,181.0,0,0,0.0,0,0,0,0,0,0,0,0,1,0,0
325000.0,9200,2.0,1973.0,5.0,347.0,3,383.0,1,0,300.0,1,0,0,0,0,0,0,0,1,0,0
219000.0,9200,2.0,1948.0,5.0,418.0,2,147.0,1,0,0.0,1,0,0,1,1,0,0,1,0,0,0
245000.0,9400,2.0,1955.0,3.0,428.0,4,0.0,1,1,0.0,0,1,0,0,0,0,0,1,0,0,0
570000.0,9400,4.0,1998.0,5.0,180.0,5,1237.0,0,0,0.0,1,0,0,1,4,0,0,0,1,0,0
289000.0,9070,4.0,1962.0,7.0,439.0,2,107.0,0,1,25.0,0,0,0,0,0,0,0,0,1,0,0
269900.0,2100,2.0,1950.0,5.0,262.0,2,94.0,0,0,0.0,1,0,0,0,0,0,0,0,1,0,0
285000.0,1831,3.0,1874.0,1.0,567.0,2,104.0,0,1,0.0,0,0,0,0,0,0,0,0,1,0,0
389000.0,1831,2.0,1938.0,7.0,441.0,4,297.0,1,1,130.0,1,0,0,0,0,0,0,0,1,0,0
359000.0,3590,2.0,1948.0,5.0,251.0,4,955.0,1,1,700.0,1,0,0,1,3,0,0,0,1,0,0
592450.0,1702,2.0,2002.0,7.0,188.0,5,500.0,1,0,400.0,1,0,1,1,4,0,0,0,1,0,0
498850.0,1702,2.0,2005.0,7.0,175.0,6,500.0,1,0,400.0,1,1,0,1,7,0,0,0,1,0,0
316000.0,1700,1.0,1972.0,1.0,456.0,3,610.0,1,1,0.0,1,0,0,1,1,0,0,0,1,0,0
349000.0,1700,2.0,1936.0,5.0,670.0,3,280.0,0,1,200.0,1,1,0,0,0,0,0,0,1,0,0
475000.0,1700,2.0,1957.0,5.0,288.0,5,572.0,0,1,0.0,1,0,0,1,2,0,0,0,1,0,0
175000.0,3650,1.0,1952.0,3.0,474.0,3,279.0,0,0,0.0,0,0,0,0,0,0,0,1,0,0,0
222000.0,3650,4.0,1930.0,6.0,378.0,2,129.0,0,0,0.0,0,0,0,1,2,0,0,0,1,0,0
167500.0,5500,3.0,1976.0,5.0,493.0,3,600.0,1,1,480.0,1,0,0,1,0,0,0,1,0,0,0
130000.0,5680,3.0,1850.0,3.0,798.0,3,446.0,1,1,210.0,1,1,0,0,1,0,0,1,0,0,0
352000.0,4357,4.0,1998.0,7.0,307.0,3,1266.0,1,0,0.0,1,0,0,1,4,0,0,1,0,0,0
350000.0,4357,2.0,1995.0,5.0,235.0,3,2090.0,0,0,1890.0,1,1,0,2,4,0,1,0,0,0,0
489000.0,7711,2.0,1979.0,5.0,194.0,3,1125.0,0,0,0.0,1,0,0,1,6,0,0,0,1,0,0
310000.0,7711,2.0,2017.0,7.0,118.0,3,231.0,0,0,0.0,0,0,0,0,0,0,0,0,1,0,0
80000.0,7370,1.0,1950.0,1.0,645.0,2,250.0,0,1,250.0,1,0,0,0,1,0,0,0,1,0,0
489000.0,1620,4.0,1999.0,7.0,143.0,4,180.0,1,1,130.0,1,1,0,0,2,0,0,0,1,0,0
375000.0,1620,2.0,1920.0,3.0,370.0,4,160.0,1,1,50.0,1,0,0,0,0,0,0,0,1,0,0
365000.0,1620,2.0,1930.0,6.0,201.0,3,105.0,0,0,40.0,0,0,0,0,0,0,0,0,1,0,0
495000.0,8380,4.0,1996.0,7.0,249.0,3,605.0,0,0,0.0,0,0,0,1,4,0,0,0,1,0,0
1775000.0,8300,2.0,1936.0,5.0,179.0,8,305.0,0,1,40.0,1,0,0,1,0,0,0,0,1,0,0
845000.0,8301,4.0,2011.0,7.0,101.0,3,246.0,0,0,0.0,1,0,1,2,3,0,0,0,1,0,0
350000.0,6940,2.0,1950.0,5.0,401.0,3,2454.0,0,1,0.0,0,0,0,0,0,0,0,1,0,0,0
549000.0,1653,2.0,1976.0,6.0,292.0,3,1025.0,0,0,0.0,0,0,0,1,0,0,0,0,1,0,0
340000.0,1653,3.0,1933.0,3.0,541.0,3,585.0,1,1,0.0,0,0,0,1,0,0,0,0,1,0,0
899000.0,1653,4.0,2006.0,5.0,220.0,4,1409.0,0,1,0.0,0,1,0,2,0,0,0,0,1,0,0
980000.0,1653,2.0,1961.0,5.0,290.0,4,4110.0,0,1,0.0,1,0,0,3,3,0,0,0,1,0,0
325000.0,1653,2.0,1962.0,3.0,559.0,3,523.0,1,1,0.0,1,1,0,0,0,0,0,0,1,0,0
995000.0,9900,4.0,1979.0,5.0,201.0,5,8467.0,0,1,0.0,1,1,0,4,6,0,0,0,1,0,0
319000.0,9900,2.0,2001.0,5.0,212.0,4,446.0,0,0,0.0,0,0,0,1,1,0,0,0,1,0,0
165000.0,8480,2.0,1934.0,1.0,742.0,2,368.0,0,0,0.0,0,0,0,1,0,0,0,0,1,0,0
360000.0,5310,2.0,2000.0,5.0,344.0,3,1097.0,0,0,875.0,0,0,0,1,3,0,0,1,0,0,0
450000.0,5310,4.0,2020.0,7.0,102.0,6,1100.0,0,0,1100.0,1,0,0,1,2,0,0,0,1,0,0
350000.0,2180,3.0,1820.0,1.0,599.0,4,992.0,0,1,0.0,0,0,0,1,0,0,0,0,1,0,0
210000.0,7890,3.0,1960.0,1.0,584.0,3,999.0,0,1,0.0,0,0,0,1,0,0,0,1,0,0,0
550000.0,4053,2.0,1957.0,7.0,475.0,3,505.0,0,1,0.0,1,0,0,1,1,0,0,0,1,0,0
315000.0,4053,2.0,1965.0,5.0,734.0,2,318.0,0,1,250.0,1,0,0,1,1,0,0,0,1,0,0
150000.0,4480,1.0,1961.0,1.0,587.0,3,480.0,0,1,0.0,0,0,0,1,2,0,0,1,0,0,0
249000.0,4480,3.0,1991.0,5.0,460.0,3,760.0,1,0,680.0,1,0,0,1,0,0,0,1,0,0,0
385000.0,4480,4.0,1985.0,7.0,291.0,3,1188.0,1,1,600.0,1,1,0,4,3,0,0,0,1,0,0
239000.0,4480,4.0,1874.0,5.0,485.0,3,304.0,0,1,0.0,1,0,0,1,2,0,0,1,0,0,0
229000.0,4480,3.0,1982.0,5.0,193.0,3,2183.0,0,1,1600.0,0,0,1,1,2,0,0,1,0,0,0
279000.0,9320,2.0,1935.0,7.0,392.0,3,266.0,1,1,120.0,1,0,0,0,0,0,0,0,1,0,0
295000.0,9420,4.0,1974.0,5.0,289.0,4,300.0,1,0,100.0,1,0,0,1,2,0,0,0,1,0,0
599000.0,9420,2.0,1950.0,3.0,781.0,3,944.0,1,1,0.0,0,1,0,1,0,0,0,1,0,0,0
237000.0,9940,3.0,1948.0,1.0,718.0,3,360.0,0,1,0.0,0,0,0,1,0,0,0,0,1,0,0
412000.0,9940,4.0,2013.0,7.0,56.0,3,279.0,1,0,191.0,1,0,0,0,0,0,1,0,0,0,0
420000.0,4130,2.0,2002.0,5.0,245.0,3,668.0,0,0,300.0,1,0,0,1,1,0,0,0,1,0,0
325000.0,7730,4.0,2016.0,7.0,93.0,3,314.0,1,0,250.0,1,1,0,1,2,0,0,0,1,0,0
429000.0,7730,4.0,2002.0,5.0,183.0,4,2000.0,1,0,0.0,1,1,0,2,5,0,0,0,1,0,0
320000.0,7120,2.0,1986.0,5.0,605.0,3,900.0,0,0,0.0,1,0,1,1,1,0,1,0,0,0,0
265000.0,7120,2.0,1953.0,5.0,175.0,2,1059.0,1,0,800.0,1,0,0,0,5,0,0,0,1,0,0
205000.0,7120,2.0,2009.0,7.0,77.0,3,60.0,1,0,140.0,1,0,0,0,0,0,0,0,1,0,0
1295000.0,1040,4.0,1900.0,5.0,307.0,4,317.0,0,1,200.0,1,1,0,1,0,0,0,0,1,0,0
1175000.0,1040,3.0,1904.0,7.0,341.0,6,239.0,0,0,130.0,1,1,0,1,1,0,0,0,1,0,0
595000.0,1040,2.0,1835.0,1.0,327.0,3,147.0,0,1,80.0,0,1,0,0,0,0,0,0,1,0,0
730000.0,1040,3.0,1905.0,5.0,271.0,5,128.0,0,1,40.0,1,1,0,0,0,0,0,0,1,0,0
725000.0,1040,2.0,1911.0,5.0,327.0,7,74.0,1,0,0.0,1,1,0,0,0,0,0,0,1,0,0
950000.0,1040,4.0,1920.0,5.0,404.0,6,16.0,0,1,50.0,1,1,0,0,1,0,0,0,1,0,0
695000.0,1040,2.0,1950.0,6.0,387.0,6,0.0,0,0,0.0,1,0,0,0,0,0,0,0,1,0,0
1550000.0,1040,2.0,1925.0,5.0,387.0,4,0.0,0,1,245.0,0,0,0,1,0,0,0,0,1,0,0
575000.0,3078,2.0,1975.0,6.0,269.0,4,915.0,0,1,600.0,1,1,0,0,4,0,0,0,1,0,0
595000.0,1140,4.0,1950.0,7.0,148.0,3,184.0,0,0,90.0,1,0,0,1,0,0,0,0,1,0,0
850000.0,1140,4.0,1925.0,5.0,241.0,5,500.0,0,1,0.0,1,0,0,1,1,0,0,0,1,0,0
475000.0,1140,2.0,1910.0,7.0,178.0,3,224.0,1,0,172.0,1,1,0,0,0,0,0,0,1,0,0
369000.0,1140,3.0,1932.0,1.0,510.0,3,200.0,0,1,88.0,1,0,0,0,0,0,0,0,1,0,0
565000.0,1140,4.0,1978.0,5.0,224.0,3,192.0,0,0,77.0,1,1,0,1,1,0,0,0,1,0,0
1278000.0,9940,2.0,1964.0,6.0,277.0,6,4655.0,0,1,0.0,1,1,0,2,0,0,0,0,1,0,0
320000.0,9940,2.0,1977.0,5.0,265.0,4,508.0,0,0,0.0,0,0,0,1,2,0,0,0,1,0,0
230000.0,4317,1.0,1916.0,1.0,581.0,3,738.0,1,1,658.0,1,1,0,1,1,0,0,1,0,0,0
199000.0,4260,3.0,1930.0,3.0,562.0,3,1060.0,0,1,850.0,0,0,0,0,0,0,0,1,0,0,0
495000.0,5340,1.0,1997.0,5.0,526.0,7,1027.0,0,1,872.0,1,1,0,1,14,0,0,1,0,0,0
369000.0,4190,2.0,2006.0,5.0,208.0,4,1450.0,0,0,800.0,1,0,0,1,6,0,0,1,0,0,0
295000.0,4400,2.0,2009.0,5.0,239.0,3,278.0,0,0,0.0,1,0,0,1,0,0,0,0,1,0,0
175000.0,4400,3.0,1958.0,5.0,376.0,3,350.0,1,1,115.0,0,1,0,1,4,0,0,1,0,0,0
219000.0,4400,4.0,2018.0,7.0,136.0,3,190.0,0,0,0.0,1,1,0,1,1,0,0,0,1,0,0
420000.0,4621,4.0,2000.0,7.0,236.0,4,1200.0,1,1,600.0,1,1,0,1,4,0,0,0,1,0,0
280000.0,4620,3.0,1989.0,5.0,303.0,4,327.0,0,1,150.0,1,0,0,1,1,0,0,0,1,0,0
1325000.0,1190,1.0,1922.0,5.0,534.0,6,800.0,0,1,0.0,1,0,0,1,2,0,0,1,0,0,0
4950000.0,1190,4.0,1968.0,7.0,260.0,7,4895.0,1,1,19.0,1,1,1,4,0,0,0,1,0,0,0
525000.0,1190,3.0,1930.0,3.0,841.0,4,200.0,1,1,120.0,1,0,0,1,0,0,0,0,1,0,0
645000.0,1190,2.0,1870.0,5.0,634.0,4,188.0,0,1,0.0,1,0,0,0,0,0,0,0,1,0,0
439000.0,2430,3.0,1957.0,5.0,218.0,4,500.0,0,0,0.0,0,0,0,0,0,0,0,1,0,0,0
315000.0,5070,3.0,1993.0,5.0,469.0,2,988.0,0,1,711.0,0,0,0,2,10,0,1,0,0,0,0
95000.0,7080,3.0,1918.0,2.0,602.0,2,350.0,0,1,0.0,0,0,0,0,0,0,0,0,1,0,0
349000.0,1470,3.0,1960.0,3.0,246.0,4,1700.0,0,0,0.0,0,1,0,1,4,0,0,0,1,0,0
299000.0,1470,3.0,1921.0,6.0,255.0,3,520.0,1,1,0.0,1,0,0,1,2,0,0,0,1,0,0
420000.0,1471,4.0,1930.0,6.0,254.0,3,359.0,1,1,0.0,1,0,0,0,0,0,0,0,1,0,0
330000.0,3600,2.0,1964.0,5.0,649.0,4,811.0,1,1,0.0,1,0,0,1,8,0,0,1,0,0,0
1295000.0,9041,2.0,1952.0,7.0,380.0,4,4002.0,0,1,3804.0,1,0,0,3,3,0,0,1,0,0,0
950000.0,9000,2.0,1952.0,5.0,514.0,2,527.0,0,0,0.0,1,0,0,0,0,0,0,0,1,0,0
299000.0,9000,2.0,1930.0,5.0,572.0,3,83.0,1,1,25.0,0,0,0,0,0,0,0,0,1,0,0
249000.0,9000,2.0,1961.0,7.0,195.0,1,40.0,0,0,0.0,1,0,0,0,0,0,0,0,1,0,0
230000.0,9000,2.0,1918.0,5.0,458.0,2,75.0,0,1,0.0,1,0,0,1,0,0,0,0,1,0,0
335000.0,9000,2.0,1945.0,7.0,184.0,3,42.0,1,1,0.0,0,0,0,0,0,0,0,0,1,0,0
285000.0,9000,2.0,1900.0,3.0,227.0,3,58.0,0,1,22.0,1,0,0,0,0,0,0,0,1,0,0
292000.0,9000,3.0,1937.0,6.0,323.0,3,0.0,0,0,0.0,0,0,0,0,0,0,1,0,0,0,0
337000.0,9000,2.0,1936.0,5.0,438.0,3,67.0,0,0,0.0,1,0,0,0,0,0,0,0,1,0,0
299000.0,9000,3.0,1973.0,1.0,220.0,2,43.0,0,1,0.0,1,0,0,3,0,0,0,0,1,0,0
349000.0,9000,2.0,1978.0,7.0,173.0,3,162.0,0,1,162.0,0,0,0,0,0,0,0,0,1,0,0
299000.0,9000,2.0,1960.0,3.0,400.0,3,43.0,0,0,0.0,0,0,0,0,0,0,0,0,1,0,0
575000.0,1332,3.0,1930.0,5.0,168.0,5,0.0,0,1,0.0,1,1,0,0,3,0,0,0,1,0,0
179000.0,9500,1.0,1950.0,2.0,650.0,3,420.0,1,0,275.0,1,0,0,1,1,0,0,0,1,0,0
299000.0,9500,4.0,2019.0,7.0,100.0,3,136.0,0,0,0.0,1,0,0,0,1,0,0,0,1,0,0
289000.0,9500,4.0,2019.0,7.0,96.0,3,120.0,0,0,0.0,1,0,0,0,1,0,0,0,1,0,0
339000.0,9500,1.0,2021.0,6.0,109.0,3,140.0,0,0,0.0,1,0,0,0,0,0,0,0,1,0,0
225000.0,9500,3.0,1912.0,1.0,495.0,4,172.0,0,0,0.0,1,0,0,0,0,0,0,0,1,0,0
268000.0,9500,3.0,1960.0,1.0,528.0,4,1913.0,1,1,1500.0,1,0,0,1,5,0,0,1,0,0,0
390000.0,9500,4.0,1978.0,5.0,224.0,4,790.0,1,1,430.0,1,1,0,1,3,0,0,0,1,0,0
139000.0,9500,2.0,1930.0,1.0,795.0,3,194.0,1,0,95.0,1,0,0,0,1,0,0,0,1,0,0
298000.0,9500,3.0,1982.0,5.0,484.0,5,538.0,1,0,350.0,1,0,0,1,3,0,0,0,1,0,0
267000.0,9500,2.0,1932.0,5.0,337.0,3,642.0,1,0,642.0,1,0,0,1,1,0,0,0,1,0,0
197000.0,9500,2.0,1930.0,3.0,249.0,3,130.0,0,0,0.0,0,0,0,0,0,0,0,0,1,0,0
450000.0,5340,3.0,1996.0,5.0,274.0,3,2600.0,1,1,0.0,1,1,0,2,0,0,0,1,0,0,0
265000.0,7011,2.0,1850.0,5.0,197.0,3,517.0,0,1,0.0,0,0,0,2,0,0,0,0,1,0,0
297500.0,7011,2.0,1965.0,5.0,455.0,3,630.0,0,0,0.0,0,0,0,1,0,0,0,0,1,0,0
299000.0,3890,4.0,1930.0,5.0,442.0,3,1490.0,1,1,1120.0,1,0,0,1,3,0,0,0,1,0,0
259000.0,9520,2.0,1968.0,3.0,699.0,3,595.0,0,0,0.0,0,0,0,1,3,0,0,1,0,0,0
265000.0,1600,3.0,1960.0,3.0,360.0,2,600.0,0,0,0.0,0,0,0,1,1,0,0,0,1,0,0
265000.0,1602,3.0,1960.0,3.0,360.0,2,600.0,0,0,0.0,0,0,0,1,1,0,0,0,1,0,0
270000.0,8460,2.0,1918.0,1.0,524.0,3,240.0,0,1,150.0,1,0,0,2,2,0,0,0,1,0,0
295000.0,8430,2.0,1960.0,1.0,1304.0,2,974.0,0,1,755.0,0,0,0,1,0,1,0,0,0,0,0
295000.0,9160,2.0,1987.0,5.0,380.0,3,125.0,0,0,0.0,1,0,0,1,1,0,1,0,0,0,0
329000.0,3590,3.0,1967.0,3.0,747.0,4,900.0,0,0,0.0,0,0,0,0,0,0,0,1,0,0,0
335000.0,9400,2.0,1967.0,7.0,467.0,3,581.0,0,0,0.0,1,0,0,4,0,0,0,0,1,0,0
339000.0,1500,2.0,1935.0,7.0,326.0,4,202.0,0,1,0.0,0,1,0,0,0,0,0,0,1,0,0
339000.0,1502,2.0,1935.0,7.0,326.0,4,202.0,0,1,0.0,0,1,0,0,0,0,0,0,1,0,0
349000.0,9052,2.0,1918.0,5.0,208.0,3,246.0,0,1,200.0,0,1,0,0,0,0,0,0,1,0,0
359000.0,8210,2.0,1996.0,7.0,232.0,3,973.0,0,1,0.0,0,0,0,1,7,0,0,0,1,0,0
359500.0,8530,2.0,2011.0,7.0,169.0,3,335.0,0,0,0.0,1,0,0,1,3,0,0,0,1,0,0
360000.0,5630,2.0,1988.0,5.0,249.0,6,976.0,1,1,729.0,0,1,0,3,10,0,0,1,0,0,0
365000.0,1600,2.0,1940.0,5.0,481.0,2,978.0,1,0,0.0,0,0,0,1,0,0,0,1,0,0,0
365000.0,8840,2.0,2006.0,7.0,180.0,4,501.0,0,0,0.0,1,0,0,1,1,0,0,0,1,0,0
439000.0,1600,2.0,1983.0,7.0,253.0,3,407.0,0,1,0.0,0,1,0,1,0,0,0,0,1,0,0
439000.0,1601,2.0,1900.0,3.0,672.0,3,4312.0,1,0,0.0,0,1,0,0,0,0,0,0,1,0,0
448500.0,3980,2.0,1975.0,7.0,379.0,3,908.0,0,1,570.0,1,0,0,1,2,0,1,0,0,0,0
475000.0,8650,2.0,1994.0,7.0,232.0,4,785.0,0,0,0.0,1,1,0,1,1,0,0,0,1,0,0
490000.0,9630,2.0,2001.0,7.0,270.0,4,1868.0,0,1,0.0,1,0,0,1,4,0,0,0,1,0,0
499000.0,4052,3.0,1969.0,1.0,348.0,6,5092.0,0,1,5092.0,1,1,0,1,8,0,0,1,0,0,0
515000.0,8930,4.0,1989.0,7.0,185.0,4,808.0,0,1,0.0,0,0,0,1,0,0,0,0,1,0,0
555000.0,6700,2.0,2015.0,7.0,80.0,4,469.0,1,1,264.0,1,1,0,1,3,0,0,0,1,0,0
570000.0,8650,2.0,1994.0,7.0,232.0,4,1165.0,0,0,0.0,1,1,0,1,2,0,0,0,1,0,0
585000.0,8870,2.0,1987.0,7.0,225.0,4,1460.0,0,0,0.0,1,1,0,0,0,0,0,0,1,0,0
595000.0,3806,4.0,2010.0,7.0,130.0,4,608.0,0,0,0.0,0,1,0,1,0,0,0,0,1,0,0
619000.0,8460,2.0,1986.0,5.0,498.0,6,2890.0,0,1,0.0,0,0,0,1,0,0,1,0,0,0,0
649000.0,1640,4.0,1979.0,7.0,278.0,3,1479.0,1,0,0.0,0,0,0,1,0,0,0,0,1,0,0
685000.0,3800,2.0,1964.0,1.0,712.0,3,23017.0,0,1,0.0,0,0,0,1,0,0,0,1,0,0,0
690000.0,8800,2.0,1966.0,5.0,602.0,5,480.0,0,1,0.0,0,0,0,1,0,0,0,0,1,0,0
1500000.0,1180,2.0,1981.0,7.0,279.0,4,650.0,0,0,0.0,1,0,0,0,0,0,0,0,1,0,0
275000.0,7110,2.0,2020.0,7.0,104.0,3,328.0,1,0,0.0,1,0,0,0,0,0,0,0,1,0,0
379700.0,2560,4.0,2022.0,7.0,30.0,3,278.0,1,0,0.0,0,1,0,1,2,0,0,0,1,0,0
406000.0,2870,4.0,2022.0,7.0,30.0,3,426.0,1,0,0.0,0,1,0,0,2,0,0,0,1,0,0
495100.0,2220,4.0,2022.0,7.0,30.0,4,850.0,0,0,0.0,0,0,0,0,2,0,0,0,1,0,0
595400.0,3040,4.0,2022.0,7.0,20.0,3,718.0,0,0,0.0,0,1,0,1,2,0,0,0,1,0,0
300000.0,6110,2.0,1980.0,7.0,213.0,4,847.0,0,1,759.0,0,0,0,1,3,0,0,1,0,0,0
349000.0,8870,2.0,2017.0,7.0,104.0,3,194.0,1,0,0.0,0,0,0,1,0,0,0,0,1,0,0
245000.0,9320,3.0,1952.0,3.0,254.0,3,0.0,0,1,0.0,1,0,0,0,0,0,0,0,1,0,0
509000.0,8720,2.0,1948.0,7.0,493.0,4,1410.0,0,1,0.0,1,0,0,2,0,0,0,0,1,0,0
145000.0,1370,3.0,1850.0,5.0,457.0,1,0.0,0,0,0.0,1,0,0,0,0,0,1,0,0,0,0
150000.0,1490,2.0,1965.0,5.0,646.0,3,1179.0,0,1,0.0,0,0,0,1,2,0,0,1,0,0,0
150000.0,7131,1.0,1960.0,1.0,353.0,2,575.0,0,1,400.0,0,0,0,1,0,0,0,0,1,0,0
199000.0,2970,2.0,1975.0,6.0,486.0,1,1049.0,0,0,1049.0,1,0,0,0,0,0,0,0,0,0,1
259000.0,2660,2.0,1930.0,5.0,342.0,2,195.0,0,0,85.0,0,1,0,0,0,0,0,0,1,0,0
269000.0,8530,2.0,1980.0,5.0,219.0,4,173.0,0,0,0.0,1,0,0,1,0,0,0,0,1,0,0
325000.0,9450,2.0,1947.0,3.0,451.0,3,0.0,1,0,0.0,0,0,0,1,0,0,0,0,1,0,0
380000.0,7387,2.0,2010.0,7.0,274.0,3,774.0,0,0,0.0,1,0,0,1,4,0,1,0,0,0,0
399000.0,6183,2.0,1989.0,5.0,402.0,2,908.0,1,1,0.0,1,0,0,0,0,0,1,0,0,0,0
399000.0,9032,2.0,1931.0,3.0,489.0,3,290.0,0,0,0.0,0,0,0,1,1,0,0,0,1,0,0
441000.0,3040,1.0,2020.0,5.0,21.0,3,551.0,0,0,551.0,0,0,0,0,2,0,0,0,1,0,0
449000.0,1800,4.0,1976.0,5.0,213.0,3,210.0,0,0,0.0,0,0,0,0,0,0,0,0,1,0,0
499000.0,9550,4.0,1930.0,5.0,449.0,6,2900.0,1,1,0.0,1,1,0,1,4,0,0,1,0,0,0
529000.0,9820,2.0,2017.0,7.0,80.0,5,266.0,0,0,0.0,0,0,0,0,2,0,0,0,1,0,0
600000.0,9100,2.0,1956.0,1.0,1286.0,5,2836.0,0,0,0.0,0,0,0,1,0,0,0,1,0,0,0
625000.0,9280,2.0,1990.0,5.0,220.0,5,1620.0,0,0,1620.0,0,0,0,1,0,0,0,0,1,0,0
659000.0,2640,2.0,1951.0,5.0,116.0,5,424.0,0,1,0.0,0,0,0,1,1,0,0,0,1,0,0
699000.0,2018,4.0,1918.0,5.0,399.0,4,75.0,0,1,0.0,1,0,0,0,0,0,0,0,1,0,0
750000.0,9620,4.0,1975.0,7.0,261.0,5,1150.0,1,1,0.0,1,1,0,1,2,0,0,1,0,0,0
860000.0,8300,2.0,1963.0,5.0,183.0,3,125.0,0,0,0.0,1,0,0,0,0,0,0,0,1,0,0
885000.0,1420,4.0,2002.0,7.0,136.0,4,1331.0,0,1,0.0,1,1,0,3,6,0,0,0,1,0,0
2250000.0,8300,2.0,1958.0,7.0,269.0,3,386.0,0,0,0.0,1,0,0,2,2,0,0,0,1,0,0
2500000.0,2000,4.0,1890.0,7.0,206.0,5,308.0,1,0,159.0,1,0,0,0,0,0,0,0,1,0,0
429000.0,9340,2.0,1969.0,7.0,416.0,4,510.0,0,1,0.0,1,1,0,1,4,0,0,0,1,0,0
449000.0,8210,2.0,1991.0,5.0,370.0,4,904.0,0,0,0.0,1,1,0,1,3,0,1,0,0,0,0
1150000.0,9290,4.0,1976.0,7.0,318.0,4,2270.0,0,1,0.0,1,1,0,3,6,0,0,1,0,0,0
250000.0,8570,2.0,1979.0,7.0,442.0,3,314.0,0,0,0.0,0,0,0,2,2,0,0,0,1,0,0
699000.0,9500,4.0,1996.0,5.0,198.0,8,1859.0,0,0,0.0,1,0,0,3,0,0,0,0,1,0,0
2600000.0,1150,2.0,2005.0,7.0,208.0,8,1700.0,1,1,0.0,1,1,0,2,0,0,0,0,1,0,0
550000.0,7603,4.0,1950.0,7.0,275.0,5,4260.0,0,1,4000.0,1,1,0,2,6,0,0,1,0,0,0
1450000.0,1190,2.0,1910.0,3.0,411.0,9,1000.0,1,1,700.0,1,1,0,1,1,0,0,0,1,0,0
725000.0,1600,2.0,1995.0,7.0,207.0,5,909.0,0,0,0.0,1,1,0,1,4,0,0,1,0,0,0
85000.0,8560,2.0,1930.0,1.0,354.0,2,75.0,1,1,0.0,1,0,0,0,0,0,0,0,1,0,0
95000.0,7390,1.0,1950.0,1.0,458.0,3,360.0,0,1,0.0,0,0,0,1,0,0,0,0,1,0,0
120000.0,9230,3.0,1930.0,1.0,511.0,2,52.0,0,0,0.0,1,0,0,0,0,0,0,0,1,0,0
160000.0,7390,2.0,1950.0,5.0,407.0,3,210.0,1,1,0.0,1,0,0,0,0,0,0,0,1,0,0
190000.0,4030,1.0,1951.0,1.0,335.0,3,125.0,0,1,70.0,1,0,0,1,0,0,0,0,1,0,0
200000.0,3040,3.0,1960.0,3.0,533.0,2,946.0,0,0,800.0,0,0,0,0,2,0,0,0,1,0,0
225000.0,8700,2.0,1958.0,7.0,501.0,2,186.0,0,0,0.0,1,0,0,0,1,0,0,0,1,0,0
250000.0,7911,2.0,1939.0,1.0,570.0,4,1880.0,1,0,0.0,0,1,0,1,0,0,0,1,0,0,0
259000.0,1950,3.0,1850.0,3.0,551.0,1,110.0,0,0,0.0,1,0,0,0,0,0,0,0,1,0,0
269000.0,5530,2.0,1912.0,5.0,359.0,5,1065.0,1,0,0.0,1,0,0,1,0,0,0,1,0,0,0
270000.0,6530,3.0,1885.0,3.0,298.0,4,1610.0,1,1,957.0,1,1,0,2,10,0,0,1,0,0,0
270000.0,6540,3.0,1885.0,3.0,298.0,4,1610.0,1,1,957.0,1,1,0,2,10,0,0,1,0,0,0
275000.0,1600,2.0,1934.0,3.0,393.0,1,630.0,1,1,0.0,0,0,0,0,1,0,0,0,1,0,0
275000.0,1602,2.0,1934.0,3.0,393.0,1,630.0,1,1,0.0,0,0,0,0,1,0,0,0,1,0,0
275000.0,1861,2.0,1980.0,5.0,462.0,3,130.0,0,0,30.0,0,0,0,0,0,0,0,0,1,0,0
288000.0,7110,2.0,1990.0,5.0,162.0,3,425.0,0,0,287.0,0,1,0,1,0,0,0,1,0,0,0
300000.0,1060,2.0,1930.0,1.0,555.0,3,63.0,1,1,21.0,0,0,0,0,0,0,0,0,1,0,0
320000.0,9600,2.0,1971.0,5.0,262.0,5,242.0,1,0,0.0,1,1,0,2,1,0,0,0,1,0,0
325000.0,4257,2.0,1983.0,5.0,327.0,4,1158.0,0,0,990.0,0,0,0,0,4,0,0,1,0,0,0
339000.0,4821,2.0,1999.0,5.0,206.0,4,631.0,0,1,0.0,1,0,0,1,4,0,0,0,1,0,0
345000.0,4610,2.0,1990.0,5.0,316.0,4,646.0,0,0,550.0,1,0,0,1,3,0,0,0,1,0,0
365000.0,1300,2.0,1973.0,5.0,347.0,3,560.0,0,0,0.0,1,0,0,1,1,0,0,0,1,0,0
375000.0,7332,2.0,1973.0,7.0,269.0,4,1350.0,0,0,0.0,1,1,0,2,2,0,0,1,0,0,0
415000.0,3001,2.0,1951.0,5.0,343.0,3,200.0,1,1,0.0,1,0,0,0,0,0,0,0,1,0,0
420000.0,1460,2.0,1984.0,5.0,380.0,4,1500.0,0,0,0.0,1,0,1,2,4,0,1,0,0,0,0
439000.0,3000,2.0,1962.0,5.0,261.0,3,292.0,1,1,0.0,1,0,0,0,0,0,0,0,1,0,0
460000.0,7000,2.0,1970.0,7.0,291.0,4,1182.0,1,1,0.0,1,0,0,2,2,0,0,1,0,0,0
470000.0,1410,2.0,1950.0,5.0,242.0,4,313.0,0,1,0.0,0,0,0,0,0,0,0,0,1,0,0
479000.0,1745,4.0,1990.0,7.0,137.0,3,328.0,1,0,0.0,1,0,0,2,2,0,0,0,1,0,0
479000.0,3500,3.0,1965.0,1.0,399.0,4,2200.0,0,1,0.0,1,0,0,1,0,0,0,1,0,0,0
520000.0,7050,2.0,1980.0,7.0,219.0,4,1424.0,1,0,0.0,1,1,0,2,0,0,0,1,0,0,0
530000.0,1745,4.0,1990.0,7.0,231.0,4,1060.0,0,0,0.0,1,0,0,1,3,0,0,0,1,0,0
545000.0,1380,2.0,1991.0,3.0,244.0,4,1816.0,0,0,0.0,0,0,0,0,0,0,0,0,1,0,0
549000.0,7390,2.0,2001.0,5.0,239.0,5,950.0,1,1,0.0,1,1,0,1,4,0,0,0,1,0,0
275000.0,9910,2.0,1971.0,1.0,720.0,3,1048.0,0,0,0.0,1,0,0,0,0,0,0,1,0,0,0
649000.0,2018,4.0,1899.0,3.0,280.0,5,86.0,0,1,0.0,0,0,0,0,0,0,0,0,1,0,0
690000.0,7387,4.0,2000.0,5.0,506.0,3,28543.0,0,1,20880.0,1,1,0,2,50,0,0,1,0,0,0
790000.0,1440,4.0,1993.0,7.0,262.0,4,1341.0,0,1,800.0,1,1,1,2,4,0,0,0,1,0,0
845000.0,3012,2.0,1961.0,5.0,395.0,8,2615.0,0,1,2300.0,1,1,0,1,5,0,0,0,1,0,0
1350000.0,3941,2.0,1989.0,3.0,154.0,6,43000.0,0,0,42000.0,0,0,1,8,20,0,0,1,0,0,0
1495000.0,1470,4.0,2017.0,7.0,103.0,4,3538.0,0,0,0.0,1,1,1,1,3,0,0,0,1,0,0
1600000.0,8020,2.0,1991.0,5.0,211.0,4,9041.0,0,0,0.0,0,0,1,0,0,0,0,1,0,0,0
2145000.0,8300,2.0,2007.0,5.0,221.0,5,695.0,0,0,0.0,1,0,0,2,2,0,0,0,1,0,0
2249000.0,3140,4.0,1955.0,7.0,171.0,4,5707.0,1,1,0.0,1,1,1,2,3,0,0,0,1,0,0
2950000.0,1180,4.0,1980.0,6.0,115.0,5,1980.0,0,1,0.0,0,1,0,2,2,0,0,0,1,0,0
3900000.0,1640,4.0,1965.0,7.0,169.0,6,3000.0,0,1,0.0,1,1,1,3,3,0,0,0,1,0,0
399000.0,1300,2.0,1958.0,6.0,169.0,3,383.0,0,1,0.0,0,0,0,0,2,0,0,1,0,0,0
399000.0,1390,2.0,1958.0,6.0,169.0,3,383.0,0,1,0.0,0,0,0,0,2,0,0,1,0,0,0
239000.0,9160,2.0,1935.0,5.0,278.0,3,336.0,0,0,0.0,0,0,0,0,0,0,0,0,1,0,0
565000.0,8720,2.0,1975.0,7.0,200.0,6,2955.0,0,1,0.0,1,1,0,0,1,0,0,0,1,0,0
295000.0,9820,2.0,1934.0,7.0,291.0,3,198.0,0,0,0.0,0,0,0,0,0,0,0,0,1,0,0
374900.0,2560,4.0,2022.0,7.0,30.0,3,312.0,1,0,0.0,0,0,0,1,1,0,0,0,1,0,0
468700.0,2560,4.0,2022.0,7.0,30.0,3,538.0,1,0,0.0,0,0,0,1,1,0,0,0,1,0,0
595400.0,3040,4.0,2022.0,7.0,20.0,3,867.0,0,0,0.0,0,0,0,1,2,0,0,0,1,0,0
674900.0,3040,4.0,2022.0,7.0,20.0,3,3435.0,0,0,0.0,0,0,0,1,2,0,0,0,1,0,0
512000.0,2800,4.0,1985.0,5.0,274.0,3,251.0,0,1,172.0,1,0,0,0,0,0,0,0,1,0,0
785000.0,9200,2.0,1925.0,5.0,320.0,6,340.0,0,1,0.0,0,1,0,1,0,0,0,1,0,0,0
549000.0,7170,4.0,2010.0,7.0,348.0,6,937.0,1,1,1.0,1,1,0,6,3,0,0,1,0,0,0
350000.0,9260,4.0,1981.0,5.0,525.0,3,470.0,0,0,0.0,1,0,0,1,4,0,1,0,0,0,0
220000.0,8210,3.0,1931.0,1.0,575.0,2,720.0,0,0,0.0,0,0,0,1,0,0,0,1,0,0,0
239900.0,9450,3.0,1930.0,3.0,268.0,3,160.0,1,1,0.0,0,1,0,0,0,0,0,0,1,0,0
299000.0,8670,2.0,1966.0,1.0,763.0,2,340.0,0,0,0.0,1,0,0,1,0,0,0,0,1,0,0
339000.0,8770,3.0,1979.0,1.0,271.0,3,542.0,0,0,0.0,1,0,0,1,0,0,0,0,1,0,0
490000.0,7850,4.0,2004.0,7.0,45.0,2,966.0,1,0,0.0,0,0,0,0,0,0,1,0,0,0,0
799000.0,9400,4.0,2001.0,7.0,242.0,4,2139.0,0,0,0.0,1,0,0,2,0,0,0,0,1,0,0
839000.0,9690,4.0,1930.0,7.0,227.0,4,1483.0,0,1,0.0,1,1,0,0,6,0,0,0,1,0,0
950000.0,1380,1.0,1971.0,1.0,707.0,3,17800.0,0,0,17800.0,1,0,0,2,3,0,0,1,0,0,0
1495000.0,2590,4.0,2003.0,7.0,169.0,5,3566.0,1,0,0.0,0,1,0,0,0,0,0,0,1,0,0
195000.0,8560,2.0,1960.0,6.0,190.0,3,222.0,1,0,0.0,1,0,0,1,0,0,0,0,1,0,0
360000.0,1860,4.0,1979.0,5.0,218.0,3,349.0,0,0,0.0,1,1,0,0,1,0,0,0,1,0,0
406000.0,2870,4.0,2022.0,7.0,30.0,3,436.0,1,0,0.0,0,1,0,0,2,0,0,0,1,0,0
1165000.0,8300,4.0,1956.0,7.0,194.0,4,0.0,0,0,0.0,1,0,0,0,0,0,0,0,1,0,0
325000.0,1070,3.0,1925.0,7.0,311.0,1,0.0,0,0,0.0,0,0,0,0,0,0,0,0,1,0,0
399000.0,2200,4.0,2015.0,7.0,115.99,4,0.0,0,0,0.0,0,0,0,0,1,0,0,0,1,0,0
1450000.0,1380,4.0,1800.0,7.0,249.0,7,2346.0,0,1,0.0,1,1,1,2,2,0,0,1,0,0,0
75000.0,7390,3.0,1950.0,5.0,381.0,2,421.0,1,1,421.0,0,0,0,0,0,0,0,0,1,0,0
172400.0,2910,3.0,1930.0,3.0,766.0,2,110.0,0,1,0.0,0,0,0,0,0,0,0,0,1,0,0
214000.0,7711,2.0,1940.0,5.0,226.0,3,202.0,1,1,110.0,1,0,0,1,0,0,0,0,1,0,0
225000.0,9190,4.0,2007.0,7.0,225.0,2,730.0,0,0,500.0,1,0,0,0,3,0,0,0,1,0,0
245000.0,8902,4.0,1977.0,5.0,219.0,3,597.0,0,0,0.0,1,0,0,1,3,0,0,0,1,0,0
269000.0,7700,2.0,2019.0,7.0,87.0,3,180.0,1,0,100.0,1,0,0,1,0,0,0,0,1,0,0
275000.0,2580,3.0,1970.0,1.0,767.0,3,495.0,0,1,0.0,1,0,0,1,2,0,0,0,1,0,0
300000.0,4600,2.0,2005.0,7.0,247.0,7,1100.0,1,1,0.0,1,1,0,4,0,0,0,0,1,0,0
305000.0,4500,2.0,2011.0,5.0,322.0,3,6057.0,1,0,0.0,0,1,0,0,0,0,1,0,0,0,0
325000.0,7540,4.0,1950.0,5.0,456.0,4,1830.0,0,1,0.0,1,0,0,1,0,0,0,1,0,0,0
335000.0,1852,2.0,1936.0,5.0,648.0,2,321.0,1,1,250.0,0,0,0,0,3,0,1,0,0,0,0
355000.0,8560,4.0,2012.0,7.0,146.0,3,279.0,1,0,210.0,1,1,0,1,3,0,0,0,1,0,0
400000.0,3012,2.0,2012.0,7.0,131.0,4,517.0,1,0,0.0,1,0,0,1,0,0,0,0,1,0,0
408000.0,9185,2.0,2009.0,7.0,224.0,3,362.0,0,0,158.0,0,0,0,0,3,0,0,0,1,0,0
525000.0,1600,3.0,1920.0,3.0,1432.0,3,961.0,1,1,0.0,1,0,0,1,0,0,0,1,0,0,0
580000.0,9220,2.0,1950.0,3.0,582.0,4,470.0,0,0,0.0,0,0,0,0,0,0,0,1,0,0,0
585000.0,1410,2.0,1973.0,3.0,605.0,4,640.0,1,0,0.0,1,0,0,1,1,0,0,1,0,0,0
625000.0,9400,4.0,2004.0,7.0,316.0,4,1694.0,0,1,0.0,1,1,0,2,2,0,0,1,0,0,0
665000.0,1970,3.0,1966.0,5.0,322.0,3,709.0,1,1,0.0,1,0,0,1,2,0,0,0,1,0,0
750000.0,8720,2.0,1997.0,7.0,167.0,4,2000.0,0,0,0.0,0,0,0,0,0,0,0,0,1,0,0
765000.0,1348,4.0,1991.0,5.0,226.0,6,345.0,0,1,0.0,1,0,0,0,2,0,0,0,1,0,0
795000.0,1330,2.0,1971.0,7.0,223.0,4,1826.0,0,1,0.0,1,0,1,1,4,0,0,0,1,0,0
850000.0,6630,2.0,2003.0,7.0,143.0,4,2056.0,1,0,0.0,1,1,0,2,0,0,0,1,0,0,0
915000.0,3110,4.0,1998.0,7.0,190.0,5,2079.0,1,0,0.0,1,0,1,2,4,0,0,0,1,0,0
2200000.0,9820,4.0,1913.0,7.0,449.0,10,17000.0,0,0,0.0,0,1,1,0,0,0,0,1,0,0,0
1245000.0,1380,4.0,1978.0,7.0,243.0,5,2220.0,0,0,2220.0,1,1,0,1,6,0,0,1,0,0,0
199000.0,9340,2.0,2014.0,7.0,138.57,2,0.0,0,0,0.0,0,0,0,1,0,0,0,0,1,0,0
419000.0,9400,2.0,1990.0,7.0,242.0,4,0.0,0,0,0.0,0,0,0,0,0,0,0,1,0,0,0
785000.0,9200,2.0,1925.0,5.0,320.0,6,340.0,0,1,0.0,0,0,0,1,0,0,0,1,0,0,0
499000.0,8310,4.0,2014.0,7.0,90.0,5,608.0,0,0,0.0,0,1,0,0,0,0,0,0,1,0,0
329000.0,9620,2.0,2018.0,7.0,116.57,4,220.0,0,0,0.0,1,0,0,0,2,0,0,0,1,0,0
40000.0,5020,2.0,1990.0,5.0,432.0,1,491.0,1,1,0.0,0,0,0,2,4,0,0,1,0,0,0
117000.0,8930,2.0,1930.0,1.0,743.0,4,86.0,0,0,0.0,0,0,0,0,0,0,0,0,1,0,0
180000.0,8820,2.0,1952.0,1.0,668.0,3,359.0,0,0,0.0,0,0,0,1,0,0,0,0,1,0,0
210000.0,8550,2.0,1966.0,5.0,784.0,3,309.0,0,0,188.0,0,0,0,1,3,0,0,1,0,0,0
249000.0,6044,2.0,1965.0,5.0,361.0,3,803.0,1,1,700.0,1,1,0,1,3,0,0,0,1,0,0
285000.0,2222,2.0,1961.0,5.0,435.0,2,1070.0,0,0,0.0,0,0,0,1,3,0,0,0,1,0,0
319000.0,2220,2.0,1890.0,6.0,290.0,3,348.0,0,0,0.0,0,0,0,0,1,0,0,0,1,0,0
320000.0,6110,2.0,1960.0,5.0,669.0,2,409.0,0,1,340.0,1,0,0,2,1,0,0,0,1,0,0
329000.0,8400,4.0,1977.0,7.0,249.0,3,0.0,0,0,52.0,1,0,0,0,0,0,0,0,1,0,0
345000.0,6001,2.0,1992.0,5.0,575.0,4,1320.0,0,0,1224.0,1,1,1,1,1,0,1,0,0,0,0
349000.0,2310,2.0,1974.0,3.0,533.0,3,536.0,0,0,0.0,0,0,0,0,0,0,0,0,1,0,0
349000.0,8800,2.0,2017.0,7.0,104.0,3,194.0,1,0,0.0,0,0,0,1,0,0,0,0,1,0,0
399000.0,3140,2.0,1984.0,5.0,239.0,3,289.0,0,0,0.0,0,0,0,1,0,0,0,1,0,0,0
410000.0,9700,4.0,1930.0,7.0,375.0,4,674.0,0,0,0.0,1,1,0,1,2,0,0,0,1,0,0
550000.0,9900,2.0,1963.0,7.0,312.0,4,1774.0,0,1,0.0,1,0,0,1,0,0,0,0,1,0,0
560000.0,3390,2.0,1972.0,5.0,410.0,3,8519.0,0,1,0.0,1,1,0,1,4,0,0,1,0,0,0
595000.0,9280,2.0,1976.0,7.0,339.0,4,1368.0,0,1,0.0,1,1,0,1,0,0,0,0,1,0,0
650000.0,3300,2.0,1973.0,5.0,612.0,4,0.0,0,1,500.0,0,0,0,10,10,0,1,0,0,0,0
695000.0,9250,2.0,1986.0,3.0,280.0,5,1792.0,0,1,0.0,0,0,0,0,0,0,0,1,0,0,0
750000.0,9900,2.0,1954.0,7.0,261.0,6,1650.0,0,1,0.0,0,1,0,0,1,0,0,0,1,0,0
925000.0,8670,2.0,1975.0,5.0,489.0,5,1543.0,0,1,0.0,1,1,0,2,0,0,0,1,0,0,0
395000.0,1840,4.0,1991.0,5.0,252.0,2,1421.0,1,0,1000.0,1,0,0,1,4,0,0,0,1,0,0
385000.0,1570,2.0,1973.0,3.0,657.0,3,2275.0,0,0,0.0,0,0,0,0,0,0,0,1,0,0,0
220000.0,5575,3.0,1951.0,3.0,414.0,4,679.0,1,1,375.0,1,0,0,2,3,0,0,1,0,0,0
395000.0,8460,2.0,1993.0,5.0,374.0,3,550.0,0,0,360.0,0,0,0,0,0,0,1,0,0,0,0
779000.0,1800,2.0,1968.0,3.0,476.0,3,39247.0,1,0,0.0,1,0,0,3,10,0,0,1,0,0,0
229000.0,9220,3.0,1936.0,5.0,612.0,2,260.0,1,1,180.0,1,0,0,1,1,0,0,0,1,0,0
349000.0,9520,4.0,2011.0,7.0,114.0,3,346.0,1,0,0.0,1,0,0,0,0,0,0,0,1,0,0
365000.0,5360,4.0,2017.0,7.0,106.0,4,1834.0,0,1,0.0,1,1,0,2,2,0,0,0,1,0,0
380000.0,7370,2.0,2010.0,7.0,274.0,3,0.0,0,0,0.0,1,0,0,1,4,0,1,0,0,0,0
475000.0,1020,4.0,1933.0,7.0,636.0,5,160.0,0,1,57.0,0,0,0,1,1,0,0,0,1,0,0
495000.0,1380,3.0,1974.0,1.0,401.0,3,3027.0,1,1,0.0,1,0,0,1,4,0,0,1,0,0,0
499000.0,9550,4.0,2017.0,7.0,133.0,4,656.0,0,1,0.0,1,1,1,1,2,0,0,0,1,0,0
510000.0,9250,2.0,1999.0,7.0,411.0,3,1016.0,0,0,1016.0,0,0,0,1,0,0,1,0,0,0,0
1350000.0,9000,4.0,1842.0,5.0,301.0,10,311.0,1,0,0.0,1,1,0,1,0,0,0,0,1,0,0
599000.0,8800,2.0,1978.0,7.0,228.0,3,1299.0,0,1,0.0,1,1,0,1,10,0,0,0,1,0,0
120000.0,6900,2.0,1964.0,5.0,615.0,3,2032.0,0,1,0.0,0,0,0,0,0,0,0,1,0,0,0
190000.0,7070,2.0,1920.0,5.0,401.0,3,225.0,1,1,115.0,1,1,0,0,0,0,0,0,1,0,0
219000.0,9451,2.0,1938.0,1.0,803.0,3,224.0,1,1,0.0,0,0,0,1,1,0,0,0,1,0,0
235000.0,6960,1.0,1907.0,5.0,387.0,6,1338.0,0,0,1338.0,0,0,0,1,5,0,0,0,0,1,0
245000.0,7110,3.0,1961.0,5.0,506.0,4,488.0,1,1,300.0,0,0,0,1,2,0,0,0,1,0,0
269000.0,7070,2.0,1991.0,5.0,155.0,7,370.0,1,0,240.0,1,1,0,0,0,0,0,0,1,0,0
285000.0,2260,2.0,1962.0,1.0,630.0,2,2089.0,0,0,0.0,0,0,0,0,2,0,0,1,0,0,0
315000.0,5190,2.0,1976.0,5.0,478.0,3,1200.0,1,1,1050.0,1,1,0,1,4,0,0,1,0,0,0
325000.0,9550,4.0,1974.0,5.0,326.0,3,0.0,0,1,0.0,0,0,0,1,0,0,0,1,0,0,0
352000.0,4980,4.0,2003.0,6.0,203.0,5,1650.0,1,1,1500.0,1,1,0,1,3,0,0,1,0,0,0
365000.0,1070,2.0,1899.0,5.0,369.0,3,150.0,0,1,0.0,1,0,0,0,0,0,0,0,1,0,0
365000.0,7800,4.0,1983.0,6.0,284.0,5,1257.0,1,1,840.0,1,1,0,1,0,0,0,1,0,0,0
399000.0,1083,4.0,1926.0,5.0,432.0,5,100.0,0,1,0.0,1,0,0,0,0,0,0,0,1,0,0
460000.0,9230,4.0,1960.0,6.0,362.0,3,635.0,0,1,0.0,1,0,0,1,3,0,0,0,1,0,0
470000.0,7080,4.0,1875.0,7.0,454.0,5,1320.0,1,1,0.0,1,0,0,2,4,0,0,1,0,0,0
545000.0,1380,3.0,1976.0,3.0,295.0,5,2000.0,0,1,2000.0,1,0,0,2,4,0,0,1,0,0,0
580000.0,7973,2.0,1890.0,5.0,312.0,9,1970.0,1,1,1598.0,1,1,1,0,2,0,0,1,0,0,0
585000.0,1310,4.0,2005.0,7.0,186.0,4,145.0,0,0,0.0,1,1,0,1,1,0,0,0,1,0,0
595000.0,8930,4.0,1943.0,5.0,720.0,3,1656.0,1,1,0.0,1,1,0,1,2,0,0,1,0,0,0
680000.0,1460,4.0,1939.0,7.0,411.0,4,1979.0,1,1,0.0,0,1,0,1,10,0,0,1,0,0,0
700000.0,1315,3.0,1996.0,5.0,187.0,6,2100.0,0,1,2100.0,1,1,0,2,8,0,0,1,0,0,0
775000.0,1082,4.0,1994.0,5.0,405.0,4,686.0,1,1,107.0,1,1,1,1,3,0,1,0,0,0,0
1950000.0,1380,4.0,1973.0,7.0,290.0,5,6990.0,0,1,6500.0,1,1,1,2,8,0,0,1,0,0,0
1285000.0,8310,4.0,2011.0,7.0,138.0,5,1514.0,0,0,0.0,0,1,0,0,0,0,0,0,1,0,0
895000.0,9960,2.0,1983.0,7.0,358.0,11,10000.0,0,0,0.0,0,0,1,2,14,0,0,1,0,0,0
265000.0,8700,2.0,1933.0,5.0,394.0,3,140.0,1,1,0.0,0,0,0,0,0,0,0,0,1,0,0
440000.0,9500,2.0,2000.0,7.0,236.0,6,898.0,0,0,0.0,0,0,0,0,0,0,0,0,1,0,0
1090000.0,2000,2.0,1897.0,5.0,312.0,3,0.0,0,1,0.0,1,0,0,1,0,0,0,0,1,0,0
295000.0,7330,2.0,1960.0,5.0,479.0,3,900.0,1,1,0.0,0,0,0,1,2,0,0,0,1,0,0
349000.0,1980,4.0,1950.0,5.0,439.0,3,339.0,0,1,0.0,1,1,0,1,1,0,0,0,1,0,0
394400.0,2830,4.0,2022.0,7.0,20.0,3,300.0,1,0,0.0,0,0,0,1,2,0,0,0,1,0,0
205000.0,9185,4.0,2011.0,7.0,66.0,2,975.0,1,0,0.0,1,0,0,2,2,0,0,0,1,0,0
690000.0,7700,2.0,2001.0,7.0,185.0,3,954.0,0,0,450.0,1,1,1,2,6,0,0,0,1,0,0
240000.0,6230,2.0,1976.0,5.0,300.0,2,798.0,1,1,500.0,1,1,0,1,4,0,0,1,0,0,0
250000.0,7070,2.0,1850.0,7.0,325.0,5,230.0,1,1,0.0,1,1,0,1,1,0,0,1,0,0,0
348000.0,1410,2.0,1960.0,3.0,378.0,2,273.0,1,1,0.0,1,0,0,1,1,0,0,0,1,0,0
349000.0,1410,2.0,1958.0,1.0,363.0,2,268.0,1,1,0.0,1,1,0,1,0,0,0,0,1,0,0
398000.0,1640,2.0,1900.0,5.0,309.0,2,362.0,0,1,0.0,0,1,0,0,2,0,0,0,1,0,0
420000.0,9300,2.0,1969.0,5.0,284.0,6,0.0,0,1,0.0,1,0,0,1,4,0,0,0,1,0,0
435000.0,1410,2.0,1974.0,5.0,399.0,2,773.0,0,1,0.0,1,1,0,1,0,0,0,1,0,0,0
479000.0,1310,3.0,1969.0,3.0,411.0,5,627.0,0,1,0.0,1,0,0,1,2,0,0,0,1,0,0
495000.0,1390,4.0,1993.0,5.0,293.0,3,2035.0,0,1,0.0,1,0,0,1,2,0,0,1,0,0,0
495000.0,1410,2.0,2006.0,7.0,117.0,3,300.0,0,0,0.0,1,0,0,1,1,0,0,0,1,0,0
515000.0,1410,2.0,1980.0,5.0,248.0,3,480.0,1,0,0.0,1,0,0,1,1,0,0,0,1,0,0
565000.0,1180,2.0,1922.0,7.0,278.0,4,0.0,0,1,0.0,1,0,0,0,0,0,0,0,1,0,0
595000.0,1380,2.0,1983.0,3.0,315.0,4,2091.0,0,0,0.0,1,0,0,1,4,0,0,1,0,0,0
550000.0,2020,3.0,1953.0,3.0,341.0,4,197.0,0,1,0.0,0,0,0,1,1,0,0,0,1,0,0
620000.0,1420,4.0,2013.0,7.0,66.0,5,343.0,1,0,0.0,1,1,0,1,2,0,0,0,1,0,0
625000.0,2460,4.0,1992.0,5.0,182.0,4,3860.0,1,1,2500.0,1,1,0,2,12,0,0,1,0,0,0
675000.0,1850,4.0,1984.0,7.0,300.0,4,841.0,0,0,0.0,1,0,1,1,2,0,0,0,1,0,0
720000.0,1410,4.0,1974.0,5.0,354.0,4,631.0,1,1,0.0,1,1,0,2,2,0,0,0,1,0,0
795000.0,8300,4.0,1960.0,7.0,330.0,3,276.0,0,0,0.0,1,1,0,0,0,0,0,0,1,0,0
1250000.0,6780,4.0,2002.0,7.0,134.0,5,16107.0,0,0,0.0,1,0,0,2,3,0,0,1,0,0,0
1250000.0,6780,4.0,2002.0,7.0,134.0,5,16107.0,0,0,0.0,1,0,0,2,3,0,0,1,0,0,0
735000.0,3000,2.0,2021.0,7.0,45.0,5,0.0,0,1,45.0,1,0,0,0,2,0,0,0,1,0,0
120000.0,7390,3.0,1940.0,5.0,274.0,3,225.0,1,1,70.0,1,1,0,0,2,0,0,0,1,0,0
269900.0,6043,3.0,1954.0,5.0,441.0,2,1651.0,1,1,1500.0,1,0,0,1,4,0,0,1,0,0,0
289000.0,8400,2.0,1900.0,7.0,284.0,3,0.0,0,0,0.0,1,0,0,0,0,0,0,0,1,0,0
350000.0,7032,2.0,1972.0,5.0,453.0,4,4152.0,1,1,1000.0,1,1,0,4,8,0,0,1,0,0,0
615000.0,1570,4.0,1989.0,6.0,262.0,3,981.0,1,1,0.0,1,0,0,0,0,0,0,1,0,0,0
625000.0,8300,4.0,1999.0,7.0,182.0,3,157.0,0,0,0.0,1,0,0,2,1,0,0,0,1,0,0
850000.0,8560,2.0,1999.0,5.0,163.0,5,1828.0,0,0,0.0,0,0,0,2,3,0,0,0,1,0,0
549000.0,4000,2.0,1890.0,7.0,610.0,6,160.0,0,1,45.0,1,0,0,0,1,0,0,0,1,0,0
404600.0,2830,4.0,2022.0,7.0,20.0,3,300.0,1,0,0.0,0,0,0,1,2,0,0,0,1,0,0
595400.0,3040,4.0,2022.0,7.0,20.0,3,867.0,0,0,0.0,0,1,0,1,2,0,0,0,1,0,0
349000.0,4140,1.0,1976.0,3.0,308.0,4,3550.0,0,0,0.0,1,1,0,0,0,0,0,1,0,0,0
379386.0,9971,2.0,2021.0,7.0,50.0,3,578.0,0,0,0.0,0,0,0,0,2,0,0,0,1,0,0
386466.0,9971,2.0,2021.0,7.0,50.0,3,555.0,0,0,0.0,0,0,0,0,2,0,0,0,1,0,0
475000.0,3140,2.0,1982.0,5.0,366.0,4,1122.0,1,0,0.0,1,0,0,2,5,0,0,1,0,0,0
725000.0,7380,4.0,2000.0,7.0,126.0,5,6700.0,1,1,0.0,1,1,1,3,8,0,0,1,0,0,0
890000.0,8780,4.0,1960.0,7.0,319.0,4,1906.0,1,0,0.0,1,1,1,1,3,0,0,1,0,0,0
945000.0,8300,4.0,1979.0,5.0,285.0,2,655.0,0,0,0.0,1,0,0,1,4,0,0,0,1,0,0
325000.0,5000,2.0,1957.0,5.0,556.0,5,600.0,0,1,500.0,1,1,0,1,3,0,0,0,1,0,0
325000.0,5003,2.0,1957.0,5.0,556.0,5,600.0,0,1,500.0,1,1,0,1,3,0,0,0,1,0,0
325000.0,7540,2.0,1985.0,7.0,334.0,4,1760.0,1,0,0.0,1,0,0,1,3,0,1,0,0,0,0
345000.0,1731,3.0,1967.0,5.0,349.0,3,137.0,0,1,40.0,1,0,0,0,0,0,0,0,1,0,0
355000.0,1410,1.0,1954.0,1.0,686.0,2,374.0,1,1,0.0,0,1,0,1,1,0,0,0,1,0,0
380000.0,1410,3.0,1950.0,3.0,312.0,3,696.0,1,1,0.0,1,1,0,0,0,0,0,0,1,0,0
380000.0,5330,3.0,1960.0,5.0,221.0,3,2684.0,0,1,0.0,1,1,0,2,4,0,0,1,0,0,0
429000.0,9310,4.0,1981.0,7.0,305.0,4,524.0,1,0,0.0,1,0,0,0,0,0,0,0,1,0,0
595000.0,1421,4.0,1977.0,7.0,223.0,3,1074.0,0,1,250.0,1,0,1,1,4,0,0,0,1,0,0
750000.0,6061,2.0,1975.0,5.0,350.0,4,10415.0,1,1,0.0,0,1,0,2,15,0,0,1,0,0,0
1060000.0,3090,4.0,1970.0,5.0,387.0,4,5558.0,0,1,0.0,1,1,0,2,0,0,0,0,1,0,0
1080000.0,1410,4.0,2010.0,7.0,113.0,5,1100.0,1,0,0.0,1,1,0,1,4,0,0,0,1,0,0
1150000.0,1180,4.0,1938.0,7.0,420.0,3,0.0,0,1,50.0,1,0,0,0,0,0,0,0,1,0,0
1995000.0,3630,2.0,2000.0,7.0,108.0,4,3680.0,0,0,0.0,0,0,0,0,0,0,0,0,1,0,0
300000.0,6031,2.0,1930.0,3.0,408.0,8,1760.0,1,1,0.0,1,1,0,2,10,0,0,1,0,0,0
349000.0,1300,3.0,1971.0,1.0,435.0,3,210.0,0,1,210.0,1,1,0,1,1,0,0,1,0,0,0
375000.0,8434,2.0,2000.0,7.0,122.0,3,421.0,0,0,0.0,0,0,0,1,0,0,0,0,1,0,0
397500.0,1400,4.0,1987.0,5.0,314.0,3,823.0,1,1,523.0,0,0,0,1,2,0,0,1,0,0,0
397500.0,6230,4.0,1987.0,5.0,314.0,3,823.0,1,1,523.0,0,0,0,1,2,0,0,1,0,0,0
